TIME,REGION,CITY,DISTRICT,POSTCODE,SITENAME,CARRIER_NAME,BAND_NUMBER,MRBTS_ID,MRBTS_NAME,LNBTS_ID,LNBTS_NAME,LNCEL_ID,RACH stp att,RACH Stp Completion SR,Comp Cont based RACH stp SR,RRC stp att,RRC conn stp SR,E-UTRAN avg RRC conn UEs,RRC_CONNECTED_UE_AVG,E-RAB SAtt,E-UTRAN E-RAB stp SR,ERAB DR; RAN View,E-RAB Stp Att; QCI8,Inter-freq HO att,E-UTRAN Inter-Freq HO SR,E-UTRAN Intra-Freq HO SR,ATT_INTRA_ENB_HO,Intra eNB HO SR,inter eNB E-UTRAN HO SR X2,E-UTRAN avg IP sched thp DL; QCI8,E-UTRAN avg IP sched thp UL; QCI8,E-UTRAN Avg PRB usage per TTI DL,Avg PRB usage per TTI UL,PDCP SDU Volume; DL,PDCP SDU Volume; UL,ERAB Stp Att; QCI1,ERAB Stp SR; QCI1,ERAB DR; RAN View; QCI1,VoLTE traffic,DL MAC PDU VOL SCell,CA_UE_Scell_CONF_SCell_AVG,NUM_CA_UE_SERV_CELL_AVG,NUM_NON_CA_UE_SERV_CELL_AVG,Avg nbr UEs in serv cell,RLC_PDU_DL_VOL_CA_PCELL,RLC_VOL_DL_DRB_SCELL_UE,RLC_VOL_DL_SRB_DRB_NON_CA,PDCP_PDU_X2_DL_SCG,Total DL RLC Volume 1,Average CQI,Avg SINR for PUCCH,Avg SINR for PUSCH,Avg MCS PDSCH trans,Avg MCS PUSCH trans,Avg UE PWR Headroom PUSCH,LTE Interference Power (Ave PUSCH),E-UTRAN PDCP SDU DL QCI1 LR,E-UTRAN PDCP SDU UL QCI1 LR,QCI1 BLER; DL,QCI1 BLER; UL,Avg PDCP SDU Delay DL QCI1,AVG_HARQ_DELAY_QCI1_UL,Avg Latency DL,Avg UEs activ 3 SCells DL,Avg nbr UEs activ 4 Scells,Max PDCP Thr DL,Max PDCP Thr UL,RSRP_Avg,Measured_RSRP_AVE,Avg DL nonGBR IP thp CA active UEs 2 CCS,Avg DL nonGBR IP thp CA active UEs 3 CCS,Avg DL nonGBR IP thp CA active UEs 4 CCS
3/1/2024,N1,台北市,台北市-中正區,100,中正杭州富邦,L700,28,100001,100A3LN1,100001,100A3LN1,111,227799,99.23,88.2,134119,99.86,25.73,25.73,185132,99.71,0.14,115849,10730,96.52,98.63,17904,97.46,98.54,13510.39,701.95,27.72,22.52,119074.37,12145.18,156,100,0,2.79,90724983.63,2739.99,4952.47,300.48,52.53,48381684,9382844,6472226,137402590,64.37,8.52,6.87,6.34,10.17,7.99,1.08,-105.9,0.22,0.91,0.24,0.84,13.79,8.97,24.11,1.09,0,210.09,32.14,-97.39243149,-97.39,12941.294,17483.411,20227.612
3/1/2024,N1,台北市,台北市-中正區,100,中正杭州富邦,L700,28,100001,100A3LN1,100001,100A3LN1,112,47420,99.32,91.16,21729,99.5,8.93,8.93,31165,99.82,0.17,19438,1583,98.74,98.76,2366,99.11,98.61,22488.48,725.61,9.57,3.74,38548.59,2087.44,35,100,1.92,0.86,59557640.46,1179.19,1980.25,72.82,20.53,20009687,6141712,756197,17838428,26.93,8.28,6.39,9.57,8.66,10.93,7.24,-105.54,0.19,1.33,0.19,0.86,8.17,4.63,22.39,0.18,0,180.59,33.13,-90.91333422,-90.91,20809.121,23855.28,44280.104
3/1/2024,N1,台北市,台北市-中正區,100,中正杭州富邦,L700,28,100001,100A3LN1,100001,100A3LN1,113,89987,99.01,88.44,37608,99.81,16.48,16.45,49393,99.56,0.45,29717,5010,82.81,99.38,13057,93.54,98.73,18493.74,917.88,21.37,17.46,87034.5,9112.76,45,100,0,0.48,112368304.2,2104.98,3587.67,141.91,37.3,38921720,11797454,827821,66506433,51.61,7.62,6.63,7.68,9.43,8.53,1.24,-104.98,0.5,1.94,0.46,1.3,9.57,5.98,23.85,0.64,0,149.84,31.34,-96.30617347,-96.31,13882.647,21598.357,28220.804
3/1/2024,N1,台北市,台北市-中正區,100,中正杭州富邦,L1800,3,100001,100A3LN1,100001,100A3LN1,131,81971,98.4,87.01,30212,99.74,6,6.02,36092,99.86,0.13,23353,2839,93.17,99.52,17099,98.75,99.15,14447.35,811.98,25.36,2.44,18964.64,1364.48,39,100,0,0.64,182441753,4387.32,4877.39,80.88,49.58,8483028,18944552,676503,567958644,28.67,6.32,7.52,12.04,7.9,13.38,3.45,-112.68,0.11,0.47,0.12,0.52,12.43,9.42,26.57,0.16,0,115.3,30.57,-97.77728849,-97.78,15399.319,22935.751,20117.408
3/1/2024,N1,台北市,台北市-中正區,100,中正杭州富邦,L1800,3,100001,100A3LN1,100001,100A3LN1,132,47709,99.69,97.65,19406,99.98,7.72,7.76,30883,99.98,0.02,18641,675,97.48,99.74,1188,99.41,99.48,38074.71,2105.06,12.25,1.68,24742.71,1667.31,46,100,0,0.57,182458469,3036.52,3684,107.29,37.91,17470840,19279886,521860,675389205,37.95,8.67,9.74,18.53,12.45,23.37,14.34,-115.06,0.08,0.62,0.06,0.55,10.31,5.89,16.47,0.07,0,226.67,43.48,-86.8761525,-86.88,39552.105,55342.768,54330.06
3/1/2024,N1,台北市,台北市-中正區,100,中正杭州富邦,L1800,3,100001,100A3LN1,100001,100A3LN1,133,41763,98.86,92.23,12968,99.77,5.63,5.58,18894,99.8,0.17,10932,1421,98.03,99.73,8023,99.66,99.42,21092.51,1137.13,20.2,1.63,17235.5,1189.23,17,100,0,0.17,234592590.5,3556.25,4070.08,33.16,41.03,9218325,24265411,194318,842296871,34.52,7.74,7.4,15.75,11.18,19.4,7.31,-111.93,0.13,0.07,0.12,0.74,5.73,3.88,20.53,0.08,0,145.58,37.35,-94.91455967,-94.91,19960.306,29458.191,38645.823
3/1/2024,N1,台北市,台北市-中正區,100,中正杭州富邦,L2100,1,100001,100A3LN1,100001,100A3LN1,141,25590,98.93,94.45,10988,99.86,3.25,3.25,17463,99.93,0.22,10116,879,94.54,99.63,8438,99.13,99.52,22604.19,1399.05,15.65,0.93,6352.07,428.32,10,100,0,0.05,82184185.54,3241.47,3505.78,35.63,35.41,4132632,8444008,209977,487973098,13.27,6.21,9.47,16.4,6.67,20.54,7.1,-115.3,0.39,0.09,0.42,0.27,10.65,5.32,19.97,0.03,0,134.68,52.86,-95.59118895,-95.59,23726.701,30337.631,36492.053
3/1/2024,N1,台北市,台北市-中正區,100,中正杭州富邦,L2100,1,100001,100A3LN1,100001,100A3LN1,142,70557,99.7,97.37,33598,99.96,15.71,15.54,50626,99.94,0.05,31132,2071,97.3,99.75,4439,99.17,99.39,31859.84,1854.28,17.44,2.8,31634.29,2215.01,54,100,0,0.66,168031463.5,3468.04,4826.68,169.6,49.96,20171151,16545881,1428749,358960596,38.5,7.98,10.54,18.22,10.45,22.72,8.75,-115.67,0.03,0.13,0.03,0.38,15.93,4.76,16.25,0.15,0,236.38,57.23,-94.37610662,-94.38,37620.695,40690.566,48748.453
3/1/2024,N1,台北市,台北市-中正區,100,中正杭州富邦,L2100,1,100001,100A3LN1,100001,100A3LN1,143,89947,99.06,95.56,32031,99.97,17.27,16.94,49883,99.95,0.07,30007,3561,98.9,99.84,12069,99.56,99.84,24407.58,1921.43,33.4,2.83,33369.2,2650.5,47,100,0,0.56,393934542.1,5263.14,6752.96,174.48,69.27,21058181,40866739,274895,1055414770,63.26,8.27,7.97,16.12,11.7,18.81,6.7,-114.85,0.08,0.3,0.06,0.44,13.09,5.87,17.86,0.23,0,157.89,50.02,-94.30090667,-94.3,24337.38,31876.957,37888.661
3/1/2024,N1,台北市,台北市-中正區,100,中正杭州富邦,L2600,7,100001,100A3LN1,100001,100A3LN1,181,173573,99.43,97.7,101261,99.95,30.44,30.4,102920,99.96,0.03,504,9190,98.63,99.91,12640,99.06,99.84,12056.17,197.43,40.5,5.96,87676.33,9029.48,5,100,0,0.04,929861435.1,8440.73,10636.45,791.17,114.28,47175453,96983495,13855667,1200077388,159.21,9.95,13.72,16.61,13.37,18.92,6.33,-116.88,0,3.25,0,1.05,2.19,2.18,19.48,0.45,0,191.74,45.06,-96.28114872,-96.28,18316.043,25814.355,25745.496
3/1/2024,N1,台北市,台北市-中正區,100,中正杭州富邦,L2600,7,100001,100A3LN1,100001,100A3LN1,182,100212,98.94,87.4,45396,99.97,17.85,17.86,45260,99.98,0.03,135,3176,99.34,98.16,5352,99.66,97.68,29673.96,1266.48,21.25,3.85,91450.17,3756.93,0,,,0,311463602.6,2797.94,4284.99,263.11,45.48,63360915,32478776,7752109,496135110,104.09,10.49,13.33,17.95,15.76,19.33,6.61,-116.87,0,0,0,0.24,0.2,0.08,18.06,0.16,0,226.95,25.78,-96.73329859,-96.73,45438.99,57282.732,51134.736
3/1/2024,N1,台北市,台北市-中正區,100,中正杭州富邦,L2600,7,100001,100A3LN1,100001,100A3LN1,183,198948,99.56,96.24,91717,99.97,40.94,40.93,89045,99.97,0.05,113,7348,98.88,99.87,12910,99.53,99.77,7644.5,604.92,42.45,8.81,192299.82,14509.72,7,100,0,0.11,473850540.7,5667.06,9455.63,259.96,97.16,96010585,48487036,7104475,1540299290,153.14,9.17,11.44,16.03,12.78,15.77,3.98,-115.96,0.03,0.62,0.02,0.47,2.75,1.26,24.76,1.25,0,267.55,44.96,-97.46967075,-97.47,14927.328,18272.927,25098.712
3/1/2024,N1,台北市,台北市-中正區,100,中正杭州富邦,L700,28,100001,100A3LN1,100001,100A3LN1,214,312212,98.02,91.05,193090,99.92,24.25,24.27,275689,99.82,0.09,163455,15261,95.92,99.08,24381,97.41,98.69,12312.85,582.09,30.38,22.08,145231.91,10703.74,128,100,0,1.41,129727294.8,2603.32,4723.34,228.81,49.52,53594605,13673386,3176772,201938150,70.65,8.04,7.8,5.96,10.34,6.95,1,-105.26,0.07,0.88,0.06,0.43,13.02,7.59,30.95,1.38,0,257.98,29.71,-98.55367775,-98.55,10360.949,15541.473,19062.338
3/1/2024,N1,台北市,台北市-中正區,100,中正杭州富邦,L900,8,100001,100A3LN1,100001,100A3LN1,221,65450,98.46,70.38,16112,99,12.88,12.91,15660,98.51,0.73,1966,3331,37.92,99.28,6598,69.04,98.74,10989.07,450.84,29.5,7.8,40061.25,4406.12,30,100,0,0.12,189748408.7,3767.84,4647.78,394.69,50.42,14729159,18460781,8190340,102306029,41.48,9.26,9,6.5,13.09,8.48,0.9,-111.08,0.08,1.36,0.07,4.42,4.32,2.32,28.34,0.22,0,178.41,19.05,-100.0171905,-100.02,8419.821,17570.291,16976.34
3/1/2024,N1,台北市,台北市-中正區,100,中正杭州富邦,L900,8,100001,100A3LN1,100001,100A3LN1,222,28180,96.14,72.78,6673,99.1,7.11,7.07,6303,98.87,0.29,241,353,86.4,98.76,1402,97.36,98.17,11216.06,256.58,14.07,6.1,29607.32,3526.09,2,100,,0.01,63434893.38,1190.93,1723.14,168.8,18.92,12334413,6527550,4906665,81506117,23.85,9.62,6.62,8,13.67,9.61,-1.81,-109.67,0,0,0,0,0.85,0.45,23.44,0.19,0,136.52,11.71,-101.5188137,-101.52,27998.823,27524.936,22039.135
3/1/2024,N1,台北市,台北市-中正區,100,中正杭州富邦,L900,8,100001,100A3LN1,100001,100A3LN1,223,79777,98.27,75.47,18558,98.88,19.69,19.72,17113,98.48,0.43,3860,2161,86.67,99.59,4986,94.26,99.47,6239.86,329.74,37.2,10.52,83879.76,5643.91,6,100,0,0.42,145452808.9,2259.1,3803.77,404.36,42.08,36312932,15313512,8797290,180462081,60.6,9.36,8.62,8.76,13.48,10.07,0.04,-111.05,4.73,0.1,6.41,7.36,3.56,2.48,33.86,0.66,0,204.56,18.62,-99.79093513,-99.79,12001.427,12584.449,16697.662
3/1/2024,N1,台北市,台北市-中正區,100,中正杭州富邦,L1800,3,100001,100A3LN1,100001,100A3LN1,234,275789,99.18,90.47,149187,99.92,21.32,21.29,204259,99.88,0.08,122470,7309,96.95,99.53,22705,98.96,99.32,16067.74,851.07,40.19,7.03,83230.57,5441.96,91,100,0,1.19,761276207.7,7515.99,9336.83,235.95,95.73,43544783,77530280,1822590,4190088898,127.09,9.91,8.87,12.5,14.41,13.64,4.27,-114.27,0.48,0.28,0.57,1.09,16.17,10.98,25.15,0.5,0,203.98,33.22,-96.6547361,-96.65,16147.786,21990.772,23822.134
3/1/2024,N1,台北市,台北市-中正區,100,中正杭州富邦,L1800,3,100001,100A3LN1,100001,100A3LN1,235,114090,99.03,93.13,39558,99.75,14.88,14.82,51526,99.75,0.29,30584,4090,97.6,99.68,15717,99.28,99.52,16495.4,666.27,22.49,4.32,30358.45,2469.08,53,100,0,1.1,224289979.8,3647.9,4875.83,234.59,51.1,13561770,22202417,1230881,1705849507,38.7,7.25,6.61,10.84,10.1,11.26,4.93,-110.48,0.09,0.19,0.08,0.53,12.43,8.59,22.53,0.18,0,242.42,22.99,-93.83838837,-93.84,16606.658,25247.137,32145.222
3/1/2024,N1,台北市,台北市-中正區,100,中正杭州富邦,L2100,1,100001,100A3LN1,100001,100A3LN1,244,258616,99.68,97.09,179714,99.95,31.52,31.36,279556,99.96,0.02,167980,9957,97.3,99.85,26767,99,99.64,21083.21,2046.64,53.63,7.56,110402.29,9623.46,169,100,0,1.65,994633808.2,8624.68,11422.58,235.38,116.58,63969342,104376408,8310076,2585900804,179.24,10.47,10.56,17.05,14.83,19.88,6.14,-115.72,0.07,0.1,0.07,0.78,23.35,15.3,22.75,0.85,0,269.31,62.24,-96.03977521,-96.04,21617.393,24535.744,30304.849
3/1/2024,N1,台北市,台北市-中正區,100,中正杭州富邦,L2100,1,100001,100A3LN1,100001,100A3LN1,245,256055,99.75,94.94,105623,99.85,47.61,47.03,151651,99.84,0.2,93741,11133,97.87,99.79,21591,99,99.57,19641.91,1309.21,45.61,9.17,99116.02,7334.46,156,100,0,1.94,390794375.3,6124.17,10488.86,281.55,107.7,57925980,40416243,1342296,3165978160,102.85,8.01,9.25,14.21,11.3,16.39,3.58,-114.73,0.39,1.01,0.4,1.38,20.58,14.55,26.57,0.77,0,226.37,42.57,-96.55737705,-96.56,16906.233,23953.48,30994.401
3/1/2024,N1,台北市,台北市-中正區,100,中正南昌,L700,28,100002,10005LN1,100002,10005LN1,111,188926,98.86,80.95,68551,99.63,25.74,25.79,88433,99.67,0.37,57224,6094,97.36,98.98,13746,98.72,98.62,11001.55,641.29,38.73,14.07,102782.93,8099.51,106,100,0,1.94,280144923.5,4204.03,6570.89,172.59,67.43,49615113,28767815,1263670,28967667,79.68,7.88,6.45,7.93,10.39,9.83,2.22,-105.28,0.07,0.81,0.09,0.63,15.26,8.56,40.15,0,0,120.14,31.58,-94.53062703,-94.53,8567.883,12613.725,
3/1/2024,N1,台北市,台北市-中正區,100,中正南昌,L700,28,100002,10005LN1,100002,10005LN1,112,247343,99.59,88.9,153627,99.76,29.94,29.96,214603,99.7,0.13,129373,8719,98.27,98.4,13763,98.45,98.32,9244.19,657.28,50,21.13,168270.08,12907.55,133,100,0,3.64,635034836,6054.33,8714.73,264.77,89.8,80686082,64833787,3807612,42480332,149.37,8.6,6.29,7.39,13.18,9.37,2.09,-105.73,0.04,0.27,0.04,0.39,17.97,7.09,51,0,0,156.3,29.97,-95.35346618,-95.35,7833.34,10256.196,
3/1/2024,N1,台北市,台北市-中正區,100,中正南昌,L700,28,100002,10005LN1,100002,10005LN1,113,108990,98.98,91.88,60529,99.78,25.68,25.71,76764,99.75,0.17,50289,5708,98.46,99.21,4894,99.08,98.87,14139.46,1506.72,41.47,21.71,211195.72,21268.44,92,100,0,1.18,250564355.7,3513.66,5747.72,292.7,60.4,109154444,25928235,8278578,39687255,143.4,8.46,7.71,9.14,11.34,11.69,1.46,-108.33,0.2,1.57,0.2,0.7,12.81,8.02,45.51,0,0,203.83,31.15,-96.38081419,-96.38,15346.058,15991.858,
3/1/2024,N1,台北市,台北市-中正區,100,中正南昌,L1800,3,100002,10005LN1,100002,10005LN1,131,104681,98.91,95.71,42519,99.91,16.14,16.15,59137,99.92,0.17,35137,3279,92.89,99.8,12876,99.07,99,14168.39,925.7,45.74,3.79,45776.47,3175.05,98,100,0,1.61,619373456.3,4565.55,6022.01,130.97,61.53,29896187,64246473,1262655,1978865946,97.38,8.14,7.79,14.66,12.47,17.38,6.42,-113.64,0.04,0.1,0.03,0.52,16.11,11.32,35.34,0,0,89.18,38.59,-91.8460871,-91.85,12507.738,16442.49,
3/1/2024,N1,台北市,台北市-中正區,100,中正南昌,L1800,3,100002,10005LN1,100002,10005LN1,132,241357,99.81,95.36,151204,99.88,32.86,32.84,213778,99.9,0.12,130294,7153,97.43,99.78,11954,98.9,99.4,8150.26,903.13,70.61,10.84,126039.68,11452.66,178,100,0,3.86,1151431064,7625.58,10489.49,353.79,108.43,74737110,118527903,5480426,4162365026,202.91,8.13,10.97,12.02,12.4,15.36,5.3,-114.86,0.05,0.24,0.06,0.54,23.33,9.32,56.13,0,0,199.19,38.42,-93.31457783,-93.31,7340.397,9252.432,
3/1/2024,N1,台北市,台北市-中正區,100,中正南昌,L1800,3,100002,10005LN1,100002,10005LN1,133,101526,99.74,98.17,51491,99.9,20.02,19.98,67177,99.86,0.09,42119,4487,96.97,99.64,4957,97.3,99.59,16111.83,712.47,43.54,5.84,88498.91,6488.79,69,100,0,0.66,823920188.8,4306.05,5921.77,346.22,62.68,50128066,83637546,20008176,3157804216,156.93,9.74,10.19,14,15.09,15.58,4.67,-115.15,0.03,0.26,0.03,0.35,12.09,7.3,27.56,0,0,209.87,33.2,-95.71148709,-95.71,18489.64,19522.686,
3/1/2024,N1,台北市,台北市-中正區,100,中正南昌,L2100,1,100002,10005LN1,100002,10005LN1,141,198866,99.81,97.28,89868,99.93,40.69,40.27,131848,99.92,0.08,79861,5376,96.69,99.95,23239,99.69,99.49,11633.66,1193.94,63.94,15.09,93520.3,7163.82,197,100,0,3.35,351701088.4,3853.71,7533.48,276.4,78.1,49071575,36428305,2911464,1544311008,89.96,9.18,8.15,15.76,13.85,17.91,5.75,-114.99,0.03,0.4,0.03,0.65,25.33,12.4,50.4,0,0,143.07,26.25,-90.40016068,-90.4,10700.78,13413.148,
3/1/2024,N1,台北市,台北市-中正區,100,中正南昌,L2100,1,100002,10005LN1,100002,10005LN1,142,344144,99.84,97.74,220012,99.93,56.23,56.09,328833,99.91,0.05,202810,11158,98.65,99.91,20459,99.53,99.55,8394.78,930.63,77.46,20.26,186566.59,12715.24,258,100,0,4.28,491092046.2,5761.16,10896.04,374.99,112.71,91475883,50879199,2903144,11048277300,156.31,8.87,11.66,14.08,12.93,17.22,4.68,-115.83,0.07,0.47,0.05,0.96,32.62,12.01,56.22,0,0,196.46,26.63,-91.86795261,-91.87,8303.592,9490.907,
3/1/2024,N1,台北市,台北市-中正區,100,中正南昌,L2100,1,100002,10005LN1,100002,10005LN1,143,167598,99.95,95.19,81594,99.97,28.51,28.48,114049,99.89,0.04,70365,6145,98.24,99.95,7762,98.79,99.77,20436.71,981.18,45.22,9.66,116392.51,6829.85,111,100,0,1.97,453498928.3,4014.06,6563.17,246.44,68.1,61007922,46593355,9527000,1841571751,118.97,9.89,11.11,15.41,14.61,18.5,4.34,-116.7,0.06,0.21,0.07,0.31,18.83,10.51,24.91,0,0,235.86,27.13,-94.36723308,-94.37,19979.577,25201.642,
3/1/2024,N1,台北市,台北市-中正區,100,中正南昌,L2100,1,100002,10005LN1,100002,10005LN1,47,65903,99.66,97.02,41381,99.91,17.5,17.54,59889,99.93,0.07,37516,1932,97.36,99.9,1866,99.52,99.34,14935.82,1087.46,29.88,13.15,79709.56,4963.67,92,100,0,0.79,0,0,0,1718.99,17.19,0,0,81077737,879511318,81.96,11.39,13.75,17.29,16.8,22.56,11.66,-118.25,0.02,0.16,0.02,0.18,11.28,7.91,39.11,0,0,68.96,30.94,-92.1001318,-92.1,,,
3/1/2024,N1,台北市,台北市-中正區,100,中正明星大樓,L700,28,100003,100N9LN1,100003,100N9LN1,111,608837,97.06,91.12,65995,99.78,31.64,31.64,99624,99.74,0.13,62480,5985,98.8,99.74,60384,99.71,99.39,24115.78,839.18,28.88,16.67,175398.54,10597.92,86,100,0,1.46,289539165.1,4475.75,7286.06,306.92,75.93,89291606,28731091,9007581,928105741,127.96,9.67,6.96,8.75,11.19,11.05,3.16,-105.45,0.22,0.8,0.24,1.69,14.16,6.73,23.88,0,0,223.62,37.57,-89.00980929,-89.01,26714.9,26871.502,
3/1/2024,N1,台北市,台北市-中正區,100,中正明星大樓,L700,28,100003,100N9LN1,100003,100N9LN1,113,257627,99.92,92.87,47717,99.95,23.55,23.51,70420,99.93,0.12,42862,5420,98.8,98.13,101353,97.9,99.3,16197.54,852.94,32.25,13.64,129532.58,8069.11,95,100,0,1.54,321279491.9,4987.82,7119.35,189.44,73.09,71368690,32197913,2140811,74193196,105.78,8.65,3.94,11.64,10.73,11.56,8.1,-103.98,0.1,0.47,0.09,0.5,16.49,7.16,30.54,0,0,185.23,30.95,-84.33433191,-84.33,16226.859,17428.633,
3/1/2024,N1,台北市,台北市-中正區,100,中正明星大樓,L1800,3,100003,100N9LN1,100003,100N9LN1,131,161474,99.57,96.28,61056,99.92,26.79,26.81,92948,99.92,0.08,55034,3047,99.02,99.76,3231,99.2,99.7,28924.93,1281.56,36.31,5.67,93911.4,5623.82,77,100,0,1.29,614906250,5375.57,7607.46,402.75,80.1,48966533,62632715,12301731,2811893593,126.71,9.44,12,15.14,11.7,19.06,5.71,-116.39,0.04,0.56,0.03,0.39,15.32,7.64,21.09,0,0,213.32,29.95,-93.54942511,-93.55,33560.767,35855.341,
3/1/2024,N1,台北市,台北市-中正區,100,中正明星大樓,L1800,3,100003,100N9LN1,100003,100N9LN1,133,146935,99.09,95.6,49882,99.95,24.26,24.27,72340,99.92,0.11,46084,2440,86.76,99.82,2674,88.15,99.8,20676.51,1105.65,41.46,5.01,85908.61,5021.71,75,100,0,1.31,529131197.9,5534.5,7647.61,297.49,79.45,48576608,54178066,3751611,1551302781,108.06,9,10.5,16.81,13.81,19.48,9.97,-115.68,0.02,0.29,0.02,0.41,14.79,7.86,26.66,0,0,221.06,39.42,-81.17108979,-81.17,21568.661,24243.989,
3/1/2024,N1,台北市,台北市-中正區,100,中正明星大樓,L2100,1,100003,100N9LN1,100003,100N9LN1,141,202283,99.75,95.59,83196,99.98,48.67,48.51,131550,99.95,0.06,80676,5630,99.27,99.89,7799,99.49,99.83,28485.78,1841.87,46.38,12.55,141341.62,11341.94,193,99.48,0,3.14,603343778.8,5306.17,9637.04,468.83,101.06,85090700,60462202,16512074,3566425983,165.63,9.4,10.41,14.61,12.45,16.22,4.62,-115.65,0.03,0.12,0.02,0.43,21.94,9.34,23.3,0,0,234.54,42.43,-94.90990319,-94.91,25509.173,32350.186,
3/1/2024,N1,台北市,台北市-中正區,100,中正明星大樓,L2100,1,100003,100N9LN1,100003,100N9LN1,143,213286,99.77,95.4,77476,99.96,46.71,46.23,120028,99.96,0.04,75734,3901,95.8,99.94,6349,97.48,99.93,24766.28,1728.53,51.14,9.2,130926.57,9663.52,157,100,0,2.09,560511634.2,4820.37,9147.8,235.59,93.83,89147200,56345141,3752881,4033108942,153.28,9.16,7.97,16.19,14.63,18.03,8.24,-114.28,0.04,0.17,0.03,0.59,22.21,12.17,26.99,0,0,172.06,56.3,-90.30040454,-90.3,23631.454,27468.194,
3/1/2024,N1,台北市,台北市-中正區,100,中正仁愛,L700,28,100004,10001LN1,100004,10001LN1,111,63812,97.31,95.03,37017,99.92,11.16,11.14,39018,99.8,0.12,26056,3839,98.96,99.57,7015,99.26,99.53,22019.35,1228.8,8.88,3.78,40144.42,3057.28,47,100,0,0.61,29224762.16,784.9,1729.04,144.75,18.74,22956834,2900148,2278114,20241215,28.16,9.59,7.76,14.06,10.62,15.6,8.73,-107.9,0.03,0.22,0.03,0.4,11.13,4.77,16.96,0,0,208.38,35.94,-88.00995169,-88.01,25864.608,28214.381,
3/1/2024,N1,台北市,台北市-中正區,100,中正仁愛,L700,28,100004,10001LN1,100004,10001LN1,112,130886,98.02,94.4,65103,99.64,23.15,23.18,81471,99.75,0.17,51585,4540,98.3,99.64,8526,99.12,99.4,21953.87,1054.58,22.83,11.64,113762.04,8523.73,104,100,0,1.95,93101550.45,1819.21,3854.09,236.38,40.9,68264665,9361711,2142242,134899236,79.9,9.44,7.45,10.44,11.39,12.66,5.66,-108.37,0.02,0.17,0.02,0.34,12.82,6.61,27.28,0,0,204.43,35.91,-91.33971892,-91.34,24308.452,32831.855,
3/1/2024,N1,台北市,台北市-中正區,100,中正仁愛,L700,28,100004,10001LN1,100004,10001LN1,113,34237,98.41,91.76,15476,99.94,6.44,6.46,21629,99.82,0.26,13975,822,98.42,99.34,3965,98.99,99.43,26348.1,1445.06,5.59,2.51,25288.49,2152.25,40,100,0,0.51,29484352.41,750.85,1311.75,66.36,13.78,11865747,3040823,1474021,2094519,16.38,9.04,7.48,13.85,11.87,14.35,11.82,-107.08,0.01,0.33,0.01,1.24,9.84,4.26,15.47,0,0,214.45,31.98,-88.3737756,-88.37,28242.254,46492.696,
3/1/2024,N1,台北市,台北市-中正區,100,中正仁愛,L1800,3,100004,10001LN1,100004,10001LN1,131,83176,99.46,96.55,37003,99.98,13.87,13.91,43590,99.98,0.07,29078,1290,98.91,99.91,5414,99.78,99.85,29181.54,2176.06,15.25,5.7,42362.64,3443.01,46,100,0,0.98,160375259.9,2305.24,3411.36,248.7,36.6,24396269,16518882,6823759,843808972,48.58,9.56,10.37,17.32,12.95,21.93,7.93,-114.57,0.03,0.2,0.02,0.39,11.89,6.09,17.01,0,0,162.31,33.73,-89.32265228,-89.32,32714.543,47892.189,42664.928
3/1/2024,N1,台北市,台北市-中正區,100,中正仁愛,L1800,3,100004,10001LN1,100004,10001LN1,132,183809,82.44,97.93,60012,99.92,23.71,23.72,78387,99.93,0.08,48944,3187,99.56,99.87,10539,99.91,99.74,22914.02,1509.41,32.19,6.05,79249.2,6619.74,82,100,0,0.92,394489938.2,5484.17,7506.7,303.73,78.1,40204213,40689586,9883960,716559554,91.49,8.76,10.82,15.75,11.93,19.34,7.2,-114.88,0.03,0.14,0.02,0.29,13.29,7.56,20,0,0,218.84,42.12,-88.47486335,-88.47,28233.567,42648.414,
3/1/2024,N1,台北市,台北市-中正區,100,中正仁愛,L1800,3,100004,10001LN1,100004,10001LN1,133,60135,99.28,97.22,22976,99.96,10.94,10.94,31744,99.94,0.17,20843,791,97.35,99.88,4460,99.66,99.79,22976.02,1594.31,12.58,4.97,29377.23,4063.47,58,100,0,1.09,118499450.9,1877.18,2764.45,184,29.48,15920010,12223537,5189532,912734439,34.25,9.86,9.93,18.33,13.12,23.48,12.24,-115.02,0.05,0.08,0.04,0.32,12.16,5.9,11.41,0,0,145.19,41.68,-87.84897699,-87.85,33835.476,48307.269,62699.149
3/1/2024,N1,台北市,台北市-中正區,100,中正仁愛,L2100,1,100004,10001LN1,100004,10001LN1,141,71498,99.17,91.21,33460,99.99,17.01,16.78,42201,99.93,0,28245,1183,99.49,99.96,4661,99.87,99.94,31864.86,1973.82,19.16,4.08,48571.83,2591.91,57,100,0,0.64,149987295,2261.06,3552.72,347.82,39.01,22405590,15083455,19758098,1098984518,58.35,9.86,11.03,18.88,14.61,23.11,12.37,-117.07,0.04,0.12,0.03,0.34,16,7.47,18.47,0,0,161.72,46.69,-90.01429611,-90.01,47317.856,66051.324,
3/1/2024,N1,台北市,台北市-中正區,100,中正仁愛,L2100,1,100004,10001LN1,100004,10001LN1,142,188237,99.89,98.55,78910,99.97,44.1,43.63,111795,99.97,0.04,69708,3522,99.01,99.91,12131,99.76,99.58,29899.92,1262.1,38.63,5.39,99086.83,6515.95,158,100,0,3.14,526111912.3,5926.96,9859,365.99,102.25,68535818,52898480,8807048,1363095665,131.6,10.01,11.52,17.35,13.51,19.96,8.53,-117.47,0.04,0.05,0.03,0.33,22.44,12.93,17.43,0,0,228.77,56.21,-89.24405427,-89.24,35010.689,46945.563,
3/1/2024,N1,台北市,台北市-中正區,100,中正仁愛,L2100,1,100004,10001LN1,100004,10001LN1,143,86744,99.73,96.94,38192,99.96,23.03,22.74,56117,99.97,0.1,36186,1682,98.28,99.95,6340,99.64,99.87,34828.75,1968.71,16.59,4.22,46174.87,3558.55,92,100,0,1.21,157083129.6,2055.86,3971.84,310.19,42.82,33975184,15751199,3497562,748572024,53.97,9.9,11.37,18.62,12.17,22.74,12.3,-117.3,0.03,0.17,0.02,0.4,16.81,9.22,17.28,0,0,241.41,57.9,-90.79442549,-90.79,44257.829,50239.699,
3/1/2024,N1,台北市,台北市-中正區,100,中正仁愛,L900,8,100004,10001LN1,100004,10001LN1,221,25652,99.03,93.8,6121,99.79,6.85,6.82,6522,99.71,0.07,126,81,96.3,99.81,1746,99.83,99.6,6910.84,109.86,10.18,1.72,24225.13,1692.28,1,100,0,0.02,50282011.41,1036.63,1517.28,191.14,17.08,12732462,5238066,5987764,197495025,24.16,11.46,10.28,18.96,18.04,17.81,14.61,-112.75,0.16,0,0.11,0.52,1.59,0.74,12.8,0,0,118.08,20.13,-84.37448626,-84.37,25833.646,39425.995,
3/1/2024,N1,台北市,台北市-中正區,100,中正仁愛,L900,8,100004,10001LN1,100004,10001LN1,222,62025,98.97,86.99,15602,98.99,14.11,14.13,15151,98.92,0.45,1087,296,98.65,98.49,2822,99.93,97.31,6153.25,98.28,23.84,7.1,49658.36,5631.29,1,100,0,0.02,100311183.6,2511.84,3627.75,276.25,39.04,24721123,10408684,10486766,210919143,45.83,10.19,8.58,11.5,14.97,11.78,3.24,-112.25,0,0.13,0,0.46,1.13,0.44,20.57,0,0,152.92,20.3,-96.31485815,-96.31,21679.376,28314.83,
3/1/2024,N1,台北市,台北市-中正區,100,中正仁愛,L900,8,100004,10001LN1,100004,10001LN1,223,23884,55.92,75.66,2305,99.48,2.6,2.58,1916,99.53,0.77,172,179,89.94,98.88,1292,98.61,98.54,3942.63,102.17,7.08,0.91,6927.5,665.07,6,100,0,0.03,33842645.92,1230.14,1423.43,61.35,14.85,2705157,3530648,1810966,51587173,8.1,8.62,8.33,12.57,11.99,11.75,9.71,-111.71,0.09,0.05,0.06,0.69,1.69,0.79,25.44,0,0,172.37,18.63,-88.7381011,-88.74,16044.725,30603.3,
3/1/2024,N1,台北市,台北市-中正區,100,中正新生南,L700,28,100005,100K2LN1,100005,100K2LN1,111,133401,97.62,90.85,64265,99.8,25.51,25.51,90810,99.82,0.11,55102,10038,99.52,99.45,10761,99.5,99.46,19291.45,873.25,21.58,10.27,92021.97,6948.48,91,100,1.04,1,128706372,2885.79,5009.97,389,53.99,47069831,13043074,4659000,124227139,64.9,9.1,8.01,10.66,10.04,11.3,8.94,-107.98,0.2,0.36,0.22,0.4,13.09,6.27,20.54,0,0,243.89,32.8,-89.25670196,-89.26,21778.388,29525.862,
3/1/2024,N1,台北市,台北市-中正區,100,中正新生南,L700,28,100005,100K2LN1,100005,100K2LN1,112,49127,98.76,90.61,21933,99.92,9.17,9.17,29782,99.93,0.1,19808,2653,99.13,99.33,4850,99.53,99.09,27519.99,1307.66,11.63,3.73,43207.34,3329.09,36,100,0,0.79,98167292.21,2889.73,3658.38,128.08,37.86,18520854,9823925,1701830,8337413,30.05,7.96,9.32,15,9.33,17.3,10.99,-109.81,0.02,0.65,0.01,0.41,9.64,6.32,19.44,0,0,257.21,44.52,-90.10148502,-90.1,25797.33,49588.552,
3/1/2024,N1,台北市,台北市-中正區,100,中正新生南,L700,28,100005,100K2LN1,100005,100K2LN1,113,110860,94.96,73.37,50193,99.03,18.79,18.81,67074,98.65,0.36,40399,6759,98.48,99.27,7540,98.65,99.18,24495.31,899.59,15.38,10.79,85261.44,6856.74,71,100,0,2.14,61239597.34,1460.29,3112.44,192.4,33.05,42806792,6116316,3442420,52196442,52.42,9.94,8.39,8.9,11.32,9.83,2.23,-109.85,0.08,0.27,0.07,0.62,10.6,8.17,17.21,0,0,252.11,35.09,-99.01034733,-99.01,24837.708,34246.535,
3/1/2024,N1,台北市,台北市-中正區,100,中正新生南,L2100,1,100005,100K2LN1,100005,100K2LN1,141,255558,99.82,98.2,98540,99.96,37.66,37.7,149004,99.97,0.05,94980,4458,98.59,99.94,10037,99.38,99.93,35323.85,1770.09,28.33,4.38,85110.34,6539.74,207,100,0,3.83,574121985.2,5444.88,8762.51,393.81,91.56,59366785,57745775,3874138,917424169,121.9,9.9,11.94,18.17,12.06,20.76,13.44,-117.74,0.05,0.31,0.04,0.46,17.71,8.95,15.67,0,0,261.87,49.99,-87.27363727,-87.27,42551.547,51019.86,
3/1/2024,N1,台北市,台北市-中正區,100,中正新生南,L2100,1,100005,100K2LN1,100005,100K2LN1,142,192384,99.87,98.2,78916,99.98,30.32,30.32,118325,99.96,0.05,76168,4447,98.65,99.77,9153,99.64,99.45,29944.95,1538.55,27.31,4.32,76125.08,7296.62,178,100,0,2.39,572858842.2,4798.56,7462.26,319.46,77.82,54628730,57518342,3234239,1297651223,116.68,9.55,12.87,18.1,11.84,20.94,9.79,-118.45,0.03,0.19,0.03,0.39,17.13,9.9,15.47,0,0,258.2,60.39,-89.8189229,-89.82,35230.929,39337.255,
3/1/2024,N1,台北市,台北市-中正區,100,中正新生南,L2100,1,100005,100K2LN1,100005,100K2LN1,143,85708,99.53,97.36,36033,99.95,14.65,14.63,56113,99.95,0.05,34550,2324,99.57,99.95,3751,99.76,99.89,29083.62,1436.14,22.01,2.02,43547.17,2908.17,60,100,0,1.38,652151878.1,4119.06,5298.88,255.77,55.55,30690584,65604358,6039152,575855541,102.91,10.51,12.75,18.06,13.16,21.55,8.5,-118.28,0.02,0.05,0.02,0.38,9.33,5.26,11.44,0,0,278.91,47.16,-97.34285137,-97.34,45826.393,53367.246,
3/1/2024,N1,台北市,台北市-中正區,100,中正新生南,L900,8,100005,100K2LN1,100005,100K2LN1,221,98886,99.38,84.36,25543,98.72,20,20.04,22100,99.12,0.34,987,661,96.67,99.32,2286,99.39,99.06,6941.15,364.46,36.17,8.12,82882.71,5591.75,15,100,0,0.19,66271928.97,2133.13,3667.73,439.22,41.07,42241490,6910086,12962587,263099452,62.38,9.89,7.99,11.85,13.26,12.01,4.91,-108.42,0.86,0.01,1.01,1.67,3.88,1.75,23.89,0,0,194.98,19.38,-91.29772973,-91.3,14195.862,16408.162,
3/1/2024,N1,台北市,台北市-中正區,100,中正新生南,L900,8,100005,100K2LN1,100005,100K2LN1,222,96521,98.72,90.65,32823,99.78,21.57,21.54,35955,99.49,0.11,808,504,97.22,99.77,2389,99.5,99.71,8085.54,559.24,30.13,7.94,85607.48,5646.02,9,100,0,0.22,30753442.39,966.3,2649.31,442.05,30.91,45467077,3171408,5840148,605701802,55.08,10.45,9.68,11.78,13.73,12.67,5.93,-109.51,0.02,0.13,0.01,0.92,3.5,1.49,24.46,0,0,363.99,20.83,-90.44966538,-90.45,15352.825,23806.919,
3/1/2024,N1,台北市,台北市-中正區,100,中正新生南,L900,8,100005,100K2LN1,100005,100K2LN1,223,59790,98.99,82.64,27441,98.18,16.23,16.23,27029,99.09,0.25,1557,255,98.04,99.56,1415,99.43,99.5,13964.71,288.32,29.88,9.71,103533.13,6309.37,3,100,0,0.02,36793807.76,1122.19,2348.93,371.44,27.2,40678786,3758985,16889790,157851190,61.49,10.34,8.31,11.65,15.23,11.59,3.03,-109.53,0,0,0,0.34,1.02,0.33,26.56,0,0,275.53,18.9,-94.21020385,-94.21,18537.44,38938.565,
3/1/2024,N1,台北市,台北市-中正區,100,中正新生南,L1800,3,100005,100K2LN1,100005,100K2LN1,231,175614,99.66,97.48,56705,99.92,26.23,26.27,83032,99.97,0.11,51403,5102,90.94,99.89,10848,95.96,99.69,27720.39,1643.44,25.6,4.78,61668.81,4940.26,137,100,0,2.5,396723964.8,6242.82,8512.18,315.03,88.27,36430682,40773171,2082690,1199600958,80.49,9.57,11.05,16.62,11.65,19.18,14.71,-115.6,0.05,0.16,0.04,0.49,16.35,9.55,17.2,0,0,250.23,39.62,-87.15979043,-87.16,31117.319,39972.659,32522.37
3/1/2024,N1,台北市,台北市-中正區,100,中正新生南,L1800,3,100005,100K2LN1,100005,100K2LN1,232,155212,99.83,96.95,56033,99.91,26.44,26.43,80679,99.92,0.12,50094,5583,98.64,99.75,8241,99.33,99.53,21858.64,1465.94,29.28,9.16,78946.52,8157.56,126,100,0,2.01,341453982.1,4487.96,6778.54,313.83,70.92,49607714,34950585,8086487,1506381375,94.15,9.32,11.33,15.1,12.34,18.93,7.09,-116.91,0.05,0.19,0.04,0.35,14.47,9.07,17.56,0,0,253.19,38.55,-90.82728226,-90.83,28717.791,31013.498,
3/1/2024,N1,台北市,台北市-中正區,100,中正新生南,L1800,3,100005,100K2LN1,100005,100K2LN1,233,103034,95.04,86.83,34408,99.85,17.14,17.1,49072,99.78,0.12,29218,3587,99,99.8,5298,99.38,99.71,21656.41,1537.62,26.59,8.37,61397.95,7728.13,75,100,0,2.19,333396821.8,3662.23,5134.59,211.01,53.46,34506528,33706251,6204041,1727496377,76.14,9.87,9.79,14.26,11.78,17.44,5.29,-115.67,0.02,0.21,0.02,0.23,12.5,51.32,13.56,0,0,241.67,32.4,-97.53664521,-97.54,33388.187,36678.716,
3/1/2024,N1,台北市,台北市-中正區,100,中正新生南,L1800,3,100005,100K2LN1,100005,100K2LN1,34,18729,99.97,97.81,11769,99.97,3.62,3.64,16976,99.92,0.15,10586,346,97.98,99.87,892,99.1,100,56068.71,1076.32,4.44,1.7,14227.36,1375.71,16,100,0,0.25,50148815.65,180.22,471.67,59.11,5.31,11852134,5313521,318316,45535606,17.53,11.67,16.41,16.11,12.08,19.92,11.42,-117.82,0.02,0.08,0.01,0.26,3.83,1.7,8.07,0,0,147.96,42.11,-90.19890696,-90.2,40898.259,54577.435,
3/1/2024,N1,台北市,台北市-大安區,106,大安台大,L700,28,100007,10006LN1,100007,10006LN1,111,323278,98.88,88.51,214519,99.88,27.11,27.11,325589,99.8,0.07,210622,13037,98.59,98.68,14568,98.94,98.41,14012.87,387.45,31.02,26.87,146082.35,10190.35,146,100,0,2.12,170213801.9,1746.91,3367.48,1006.66,43.74,54171638,16871534,7807671,192201378,79.04,8.78,3.66,2.96,11.26,5.89,-0.06,-99.02,0.36,2.06,0.35,1.1,12.29,8.24,26.49,0.78,0,243.38,25.31,-94.67480566,-94.67,13029.734,20075.413,25622.418
3/1/2024,N1,台北市,台北市-大安區,106,大安台大,L700,28,100007,10006LN1,100007,10006LN1,112,119731,98.91,88.69,52957,99.9,12.87,12.92,76092,99.89,0.07,47417,5502,98.75,98.74,6304,98.65,98.76,15795.49,1408.42,18.63,7.85,53739.82,6090.09,58,100,0,0.73,122851734.3,1138.68,1700.68,686.11,23.87,22045731,12457550,3101763,67264297,37.67,7.97,5.41,10.55,9.73,11.81,10.29,-102.41,0.07,0.84,0.06,0.75,13.48,6.91,28.09,0.28,0,177.8,29.83,-85.45217524,-85.45,16401.543,21507.536,31428.913
3/1/2024,N1,台北市,台北市-大安區,106,大安台大,L700,28,100007,10006LN1,100007,10006LN1,114,729555,95.86,70.73,337439,99.21,45.13,45.11,514230,98.8,0.3,316083,23275,97.4,98.46,17339,97.42,98.33,5877.28,164.79,41.45,34.63,174721.06,16193.53,347,100,0.24,5.91,111647810.6,1366.16,4228.65,1608.45,58.37,52562593,11272580,8998207,62032976,72.9,7.27,7.55,3.05,8.33,5.6,1.09,-103.85,0.3,1.05,0.26,1.38,23.48,7.3,48.82,1.76,0,170.96,31.86,-98.34401164,-98.34,4674.588,8128.964,11145.368
3/1/2024,N1,台北市,台北市-大安區,106,大安台大,L1800,3,100007,10006LN1,100007,10006LN1,131,260934,98.76,93.26,175329,99.83,23.45,23.45,272803,99.86,0.09,171164,6002,93.84,99.52,10843,96.29,99.56,21626.06,1350.86,42.97,11.68,100131.82,8983.85,118,100,0,2.24,777833836.2,3377.57,4558.39,1079.38,56.38,55317781,81115762,11837830,2899757974,151.17,9.49,10.84,16.11,12.62,19.47,5.91,-113.04,0.07,0.26,0.09,0.46,15.06,8.58,21.53,0.29,0,266.85,33.15,-93.95199019,-93.95,23627.585,29582.38,38724.983
3/1/2024,N1,台北市,台北市-大安區,106,大安台大,L1800,3,100007,10006LN1,100007,10006LN1,132,77431,98.89,94.51,34564,99.92,7.53,7.55,48492,99.95,0.12,30141,1926,99.27,99.83,4938,99.59,99.83,24930.52,2666.99,23.69,3.09,24269.79,2917.55,47,100,0,0.61,265849239,2062.59,2375.79,408.24,27.84,12698237,28039744,1268282,707020583,42.71,8.14,8.83,18.26,10,22.74,20.98,-112.2,0,0.16,0,0.74,15.93,9.19,22.05,0.07,0,194.54,33.2,-84.73001701,-84.73,29272.999,33354.458,45204.207
3/1/2024,N1,台北市,台北市-大安區,106,大安台大,L1800,3,100007,10006LN1,100007,10006LN1,134,414426,98.96,89.17,269195,99.64,36.15,36.17,401343,99.56,0.14,253724,14778,96.4,99.52,17984,97.8,99.06,8697.47,771.9,62.06,14.89,132290.83,11851.67,298,99.66,0,4.32,803181760.4,5035.3,6906.1,1654.36,85.6,61412641,83609911,10207697,6756083977,161.99,9.23,10.87,11.62,12.29,13.78,5.38,-112.43,0.15,0.39,0.16,1.37,22.39,9.67,39.74,0.83,0,198.09,32.6,-93.30870763,-93.31,8115.048,12430.671,17918.767
3/1/2024,N1,台北市,台北市-大安區,106,大安台大,L2100,1,100007,10006LN1,100007,10006LN1,141,283191,99.38,95.33,225851,99.96,37.26,37.04,359103,99.95,0.02,224095,11111,99.22,99.66,14918,99.28,99.71,24716.74,1299.67,58.71,9.81,138673.98,8743.84,206,99.51,0,2.61,737765275.9,4473.26,6456.93,1596.38,80.53,76375752,73569437,11544206,2217281791,163.71,8.76,8.57,15.3,12.25,17.23,6.3,-114.22,0.09,0.27,0.09,0.55,22.78,11.64,22.33,0.58,0,285.22,46.7,-95.59590028,-95.6,25950.07,31018.267,52885.531
3/1/2024,N1,台北市,台北市-大安區,106,大安台大,L2100,1,100007,10006LN1,100007,10006LN1,142,115677,99.15,95.01,62555,99.98,17.18,16.96,97562,99.98,0.03,61027,2781,98.78,99.72,6790,98.54,99.86,23055.34,2386.9,35.49,4.05,35421.07,3774.28,91,100,1.18,1.89,301617612.4,2690.16,3420.18,906.94,43.27,20097704,30717106,1829827,599825114,53.24,7.28,7.23,18.2,9.9,21.11,16.28,-113.05,0,0.09,0,0.58,23.6,13.28,27.78,0.18,0,223.18,55.77,-88.37022276,-88.37,30941.927,26509.816,39220.018
3/1/2024,N1,台北市,台北市-大安區,106,大安台大,L2100,1,100007,10006LN1,100007,10006LN1,144,496433,99.7,93.47,393170,99.95,60.85,60.49,615810,99.94,0.02,388901,14533,98.89,99.67,16932,99.18,99.55,10999.13,982,76.73,19.38,180994.88,19482.01,473,100,0,5.48,771364160.4,5997.85,9247.01,2649.39,118.96,85625710,79488188,13510598,6064009973,184.69,8.46,8.28,8.81,12.06,11.83,3.52,-109,0.04,0.35,0.04,0.69,24.24,12.51,38.76,1.56,0,185.96,39.58,-92.01972902,-92.02,9925.765,13749.967,20214.221
3/1/2024,N1,台北市,台北市-大安區,106,大安台大,L700,28,100007,10006LN1,100007,10006LN1,15,195857,99.75,88.36,126302,99.84,29.22,29.2,186283,99.69,0.13,115900,14655,94.89,98.76,10322,93.32,98.72,10022.76,599.87,57.32,12.68,156950.06,11831.83,123,100,0,1.69,378067523.8,1710.05,2998.72,1565.25,45.64,66436652,36606762,23409978,26659582,126.48,7.24,6.87,7.21,9.1,8.78,-0.02,-109.41,0.3,1.48,0.27,1.06,14.43,9,42.29,0.5,0,179.93,34.08,-95.49594839,-95.5,10771.03,18026.803,19157.018
3/1/2024,N1,台北市,台北市-大安區,106,大安台大,L2600,7,100007,10006LN1,100007,10006LN1,181,246215,98.48,94.9,152033,99.85,47.13,47.13,152931,99.85,0.07,769,18529,96.02,98.96,10354,96.05,98.27,6544.93,282.46,69.38,8.71,175115.74,10569.31,16,100,0,0.19,1283198980,7619.83,9188.74,3080.42,122.69,84815850,133239272,43015312,3009691367,264.08,9.2,10.59,14.52,13.31,16.11,1.63,-115.9,0,0.06,0,1.05,4.51,1.51,46.43,0.49,0,186.94,43.12,-100.9751826,-100.98,11978.429,23301.405,18052.255
3/1/2024,N1,台北市,台北市-大安區,106,大安台大,L2600,7,100007,10006LN1,100007,10006LN1,182,245909,99.76,96.07,129401,99.87,49.5,49.52,129565,99.88,0.08,624,6991,96.98,99.62,3070,97.04,99.37,10330.27,539.31,50.54,8.66,161353.03,11235.16,8,100,0,0.04,826817472.3,2462.03,3914,3435.36,73.49,92766392,85510686,35789425,2657586508,216.72,10.26,12.65,16.08,14.21,17.19,7.74,-114.34,0,2.13,0,0.26,1.44,0.51,30.99,0.55,0,155.97,47.63,-92.20698675,-92.21,16464.941,20356.394,23346.246
3/1/2024,N1,台北市,台北市-大安區,106,大安台大,L2600,7,100007,10006LN1,100007,10006LN1,183,118025,99.81,96.77,64754,99.95,22.8,22.78,66714,99.93,0.08,216,4536,99.38,99.68,3665,99.43,99.67,5009.14,310.29,36,3.82,74219.93,4152.44,10,90,0,0.26,522950675.6,2137.31,2797.46,1575.43,43.73,38189975,52924024,18591176,449140913,110.15,8.85,11.45,17.54,12.17,19.48,7.97,-115.45,0.03,0,0.02,0.65,2.95,1.13,27.92,0.18,0,145.36,39.06,-93.92181197,-93.92,20232.965,22035.757,29923.699
3/1/2024,N1,台北市,台北市-大安區,106,大安台大,L900,8,100007,10006LN1,100007,10006LN1,221,111855,94.75,63.73,24048,97.75,19.63,19.68,23504,96.92,0.63,1301,796,92.46,98.78,4494,98.22,98.61,8774.78,100.57,53.67,13.85,75880.31,7025.38,6,100,0,0.08,256732149.3,2668.93,3366.72,1247.42,46.14,24482774,26931075,15331709,212735916,66.96,8.35,6.62,5.6,11.77,7.2,-1.05,-106.46,0.39,0.68,0.62,1.24,2.46,0.89,42.59,0.25,0,141.19,18.12,-100.4583271,-100.46,8562.761,12749.803,16332.871
3/1/2024,N1,台北市,台北市-大安區,106,大安台大,L900,8,100007,10006LN1,100007,10006LN1,222,172567,99.49,65.76,42053,97.55,28.06,28.06,41385,95.65,0.92,4431,2794,89.37,99,3990,92.81,98.95,2323.43,89.78,49.96,17.49,72509.8,7762.19,10,100,0,0.14,152807344.8,1072.17,2015.49,1852.26,38.68,26556773,16000124,16291719,165022437,59.01,8,7.12,5.67,11,6.62,0.59,-105.74,0.56,5.42,0.47,3.55,4.71,2.24,55.74,0.38,0,105.77,18.21,-97.05300868,-97.05,6251.195,6965.975,10319.658
3/1/2024,N1,台北市,台北市-大安區,106,大安台大,L900,8,100007,10006LN1,100007,10006LN1,223,48979,99.29,50.3,10753,95.83,8.77,8.76,10494,95.97,1.44,1754,1008,84.52,99.42,2736,94.44,99.26,9045.62,180.17,28.07,6.07,50187.63,3834.96,6,100,0,0.01,91051246.09,875.95,1205.47,536.17,17.42,19536895,9414346,8344253,362843488,37.66,7.79,5.76,8.32,11.99,9.1,2.03,-107.6,1.26,0.26,3.53,3.11,1.15,0.4,31.76,0.25,0,132.93,17.62,-95.30396491,-95.3,13998.868,15762.256,24489.335
3/1/2024,N1,台北市,台北市-大安區,106,大安台大,L1800,3,100007,10006LN1,100007,10006LN1,33,138220,99.13,89.7,102136,99.84,21.25,21.28,161204,99.76,0.1,90758,4336,95.6,99.32,6051,99.19,97.41,16968.02,997.12,34.84,18.62,117382.2,10176.71,107,100,0,1.45,32478112.6,328.06,1222.82,1168.2,23.91,63144924,3330161,45545177,4420938833,116.44,10.03,12.82,15.42,11.38,19.54,6.1,-117.33,0.06,0.99,0.05,0.42,12.43,6.94,26.08,0.19,0,137.83,39.63,-87.02404835,-87.02,17113.783,18670.46,17853.703
3/1/2024,N1,台北市,台北市-大安區,106,大安台大,L1800,3,100007,10006LN1,100007,10006LN1,35,197449,99.53,93.83,136738,99.93,30.1,30.15,208194,99.89,0.08,130522,6494,96.27,98.92,5545,96.39,98.5,13950.79,1093.63,51.26,17.23,148766.7,11992.68,119,100,0,2.87,385846671.4,1801.48,3109.06,1630.45,47.4,67263966,40106444,16807003,3898662854,128.08,8.12,10.84,13.37,10.52,16.93,2.2,-116.85,0.17,0.26,0.2,0.45,14.15,8.96,35.02,0.39,0,205.89,33.47,-92.96669968,-92.97,15050.176,24646.406,29499.542
3/1/2024,N1,台北市,台北市-大安區,106,大安台大,L1800,3,100007,10006LN1,100007,10006LN1,37,10752,99.95,96.72,8069,99.98,1.26,1.19,14118,99.95,0.02,7718,227,97.8,99.27,1350,99.11,98.77,22651.34,2257.73,1.23,0.28,1006.18,137.84,11,100,0,0.08,8476527.91,70.92,115.83,72.25,1.88,1007089,895579,146586,686206153,2.74,12.69,18.66,19.84,10.64,21.18,33.5,-114.72,0,0.12,0,0.33,3.76,1.11,10.83,0,0,99.01,24.9,-73.16856991,-73.17,35560.065,42467.548,127512.232
3/1/2024,N1,台北市,台北市-大安區,106,大安台大,L2100,1,100007,10006LN1,100007,10006LN1,45,132403,99.63,97.37,111775,99.99,26.76,26.75,171121,99.96,0.02,109525,5226,98.51,99.53,5840,98.53,99.66,24733.13,1498.37,49.21,7.91,117887.11,8125.72,132,100,0,1.92,668910294.3,3619.57,4740.14,1473.11,62.13,72404351,69128626,11081196,1072553199,153.69,7.45,9.9,17.52,11.77,18.51,5.78,-117.41,0.04,0.42,0.03,0.4,16.8,8.91,24.3,0.32,0,194.92,45.83,-93.45512667,-93.46,26551.055,37851.42,44194.358
3/1/2024,N1,台北市,台北市-大安區,106,大安台大,L2100,1,100007,10006LN1,100007,10006LN1,47,17301,99.88,96.21,13427,99.97,2.63,2.64,23299,99.99,0.07,13027,349,99.43,97.36,1936,97.16,99.44,41242.73,2518.36,1.57,0.44,2411.54,221.79,17,100,0,0.08,12155635.65,143,236.47,147.44,3.84,1838293,1269034,238784,70942069,3.42,12.23,19.15,20.63,10.95,21.18,34.64,-115.9,0,0.04,0,0.24,6.76,2.54,10.77,0,0,507.24,48.15,-71.72277421,-71.72,57158.835,160940.365,77178.601
3/1/2024,N1,台北市,台北市-中正區,100,館前路,L700,28,100009,10019LN1,100009,10019LN1,111,260770,98.77,81.68,70062,99.88,27.57,27.56,101784,99.83,0.17,51505,19958,97.94,99.69,8146,97.69,99.28,11578.32,712.66,28.17,15.83,104860.63,9195.43,153,100,0,2.12,174369469.7,3679.1,6224.58,180.97,64.06,53790078,17683010,2167925,100962543,73.74,8.38,7,7.55,11.6,8.81,8.85,-102.88,0.05,0.78,0.05,0.38,15.26,7.03,29.58,0,0,189.21,33.62,-91.42616476,-91.43,11187.858,12297.954,
3/1/2024,N1,台北市,台北市-中正區,100,館前路,L700,28,100009,10019LN1,100009,10019LN1,112,135827,97.91,71.17,50113,99.83,21.35,21.32,75698,99.77,0.21,46491,4429,95.37,99.53,6450,97.13,99.36,18248.82,725.7,18.58,14.61,92296.51,8178.65,136,100,0,2.44,72901339.09,2281.36,4237.21,161.9,43.99,42408176,7147654,2544464,46363916,52.15,9.01,7.19,5.43,11.75,7.69,9.25,-102.98,0.04,0.45,0.04,0.51,12.8,5.59,24.09,0,0,196.61,34.32,-93.10322256,-93.1,14918.606,20941.685,
3/1/2024,N1,台北市,台北市-中正區,100,館前路,L1800,3,100009,10019LN1,100009,10019LN1,131,105295,99.32,96.97,32854,99.94,15.59,15.58,51001,99.92,0.14,27574,4284,99.23,99.84,4909,99.74,99.74,15884.82,1119.73,29.65,6.99,38361.06,3143.57,85,100,0,0.9,304441433.7,4897.41,6320.08,117.28,64.37,18026901,31350757,726357,656130924,50.76,8.04,12.69,13.43,10.5,16.13,14.72,-115.83,0.02,0.3,0.01,0.45,14.99,7.05,24.88,0,0,147.83,37.74,-87.92673905,-87.93,14434.665,20003.495,
3/1/2024,N1,台北市,台北市-中正區,100,館前路,L1800,3,100009,10019LN1,100009,10019LN1,132,73378,98.62,86.69,21299,99.91,11.35,11.38,32963,99.87,0.16,19129,2001,98.65,99.78,5979,99.67,99.66,19819.43,366.12,20.38,38.61,19092.37,2263.3,46,100,0,0.85,288517496.2,3607.07,4406.64,344.04,47.51,10424686,29446860,1302002,283818238,41.46,9.57,12.98,3.83,12.2,8.37,-3.26,-116.81,0.03,0.24,0.02,0.44,9.95,5.53,13.76,0,0,172.71,38.47,-90.33508959,-90.34,23947.909,24961.918,
3/1/2024,N1,台北市,台北市-中正區,100,館前路,L2100,1,100009,10019LN1,100009,10019LN1,141,169396,99.88,98.12,72385,99.98,39.53,38.81,119876,99.95,0.05,67896,7554,98.15,99.96,8374,98.42,99.93,15199.13,1464.58,44.85,5.62,68846.42,5852.94,129,100,0,1.84,419759746.6,5129.18,8723.71,232.26,89.56,43989216,42802907,2502592,852190516,90.15,8.63,11.16,17.31,11.7,19.69,11.46,-115.69,0.03,0.19,0.03,0.49,21.26,9.13,30.75,0,0,151.83,50.73,-90.97382126,-90.97,14101.012,17052.19,
3/1/2024,N1,台北市,台北市-中正區,100,館前路,L2100,1,100009,10019LN1,100009,10019LN1,142,123150,99.1,84.68,48957,99.73,26.35,26.06,79407,99.9,0.1,46956,5048,99.41,99.94,9805,99.85,99.81,26007.45,866.58,26.86,26.87,42964.54,3305.43,128,100,0,2.17,329081753.6,3819.71,6091.12,284.34,63.75,30238509,33545478,1295150,578567055,65.66,9.97,9.02,8.36,13.35,12.52,5.97,-115.65,0.08,0.22,0.08,0.49,20.56,9.71,18.85,0,0,187.99,49.07,-91.62500771,-91.63,25666.254,29582.823,
3/1/2024,N1,台北市,台北市-中正區,100,館前路,L2100,1,100009,10019LN1,100009,10019LN1,44,105398,99.86,96.78,52144,99.97,18.79,18.77,74591,99.95,0.11,42915,1111,98.65,99.83,149,100,99.78,31519.08,1628.87,12.35,4.45,53581.26,3719.23,82,100,0,1.55,0,0,0,1839.95,18.4,0,0,54648585,779475051,55.43,10.15,15.65,19.21,12.25,21.89,9.76,-116.13,0.01,0.12,0.01,0.33,13.49,8.1,21.48,0,0,95.73,35.75,-96.61736027,-96.62,,,
3/1/2024,N1,台北市,台北市-中正區,100,中正信義二,L700,28,100010,10044LN1,100010,10044LN1,111,57264,95.97,92.35,28414,99.91,4.46,4.45,35213,99.97,0.03,25546,1125,97.42,99.56,3523,99.18,98.85,25032.21,1367,4.97,3.05,19690.66,2055.38,31,100,0,0.41,32388070.78,826.82,1171.91,75.67,12.48,6887395,3244272,2797211,22109336,12.95,9.16,9.43,10.61,11.84,13.1,7.77,-108.97,0.02,0.36,0.01,0.28,8.08,3.78,14.33,0.06,0,243.32,24.84,-91.42862244,-91.43,25933.632,39525.865,60323.683
3/1/2024,N1,台北市,台北市-中正區,100,中正信義二,L700,28,100010,10044LN1,100010,10044LN1,112,150296,91.47,87.2,94087,99.73,19.63,19.66,132812,99.62,0.09,81953,6867,98.7,98.95,6577,99.06,98.74,18177.28,722.41,21.43,16.98,104595.34,9348.14,88,98.86,0,1.39,38901559.27,1065.73,2789.03,182.38,29.71,48998733,3865103,3414697,147215274,56.43,8.39,7.28,7.12,9.01,8.38,0.53,-109.83,0.14,0.67,0.15,0.41,10.5,6.96,20.74,0.78,0,224.19,29.83,-98.94904879,-98.95,16051.707,19956.307,37529.383
3/1/2024,N1,台北市,台北市-中正區,100,中正信義二,L700,28,100010,10044LN1,100010,10044LN1,113,232813,99.31,93.74,165722,99.89,32.09,32.13,213159,99.88,0.07,131386,10814,98.69,98.25,11743,97.56,98.85,18372.53,1108.3,28.43,18.88,156942.15,13276.4,188,100,0,3.15,73200885.39,3562.15,6284.2,413.52,66.98,51149467,7537664,17655841,185597385,76.53,8.69,7.88,10.27,10.91,10.88,6.16,-108.08,0.03,0.32,0.02,0.3,15.46,7.84,25.72,0.97,0,268.55,33.67,-95.39715243,-95.4,16902.524,26144.682,31791.936
3/1/2024,N1,台北市,台北市-中正區,100,中正信義二,L2100,1,100010,10044LN1,100010,10044LN1,141,60329,99.95,98.62,39012,99.99,13.89,13.9,51681,100,0.03,38224,1915,99.63,99.95,5587,99.89,99.34,43954.54,1975.9,11.24,4.13,48181.62,4539.59,50,100,0,0.46,124978352.9,1324.91,2260.02,423.57,26.84,32589098,12935858,3940401,625542590,50.09,10.29,14.57,18.37,13.61,23.25,15.34,-117.99,0.06,0.6,0.04,0.34,9.53,4.35,11.29,0.04,0,239.81,61.26,-90.59360065,-90.59,57447.766,72348.163,109916.669
3/1/2024,N1,台北市,台北市-中正區,100,中正信義二,L2100,1,100010,10044LN1,100010,10044LN1,142,103765,99.5,97.94,55624,99.77,20.78,20.74,85892,99.93,0.04,52144,4518,98.63,99.95,8003,99.26,99.84,46701.35,2328.04,23.34,4.47,105764.61,6207.56,81,100,0,1.92,424452454.7,3415.06,5288.13,163.39,54.52,74683920,43610146,1913199,655125191,120.86,10.01,11.42,18.67,12.4,22.34,6.56,-118.05,0.04,0.45,0.03,0.34,13.89,7.4,12.31,0.22,0,277.55,60.67,-96.72986918,-96.73,52892.695,68422.449,98815.002
3/1/2024,N1,台北市,台北市-中正區,100,中正信義二,L2100,1,100010,10044LN1,100010,10044LN1,143,391687,99.9,98.03,249654,99.95,45.55,45.58,365283,99.95,0.05,209629,14148,98.37,99.89,15162,98.9,99.63,29309.88,1791.72,35.14,6.03,116474.58,9750.99,402,99.75,0,4.76,716672667.9,8834.55,12841.74,453.18,132.95,76227445,71825926,6083314,3884110802,158.02,9.57,12.96,17.15,12.35,19.22,11.15,-117.13,0.05,0.18,0.04,0.62,16.76,9.79,14.96,0.32,0,234.36,59.42,-91.11846419,-91.12,32139.382,44661.199,55008.751
3/1/2024,N1,台北市,台北市-中正區,100,中正信義二,L2600,7,100010,10044LN1,100010,10044LN1,181,36766,99.94,98.49,22661,99.95,7.6,7.55,22486,99.88,0.11,89,2107,99.86,99.93,6353,99.94,99.78,8061.99,1563.69,13.47,2.41,31272.44,1984.94,4,100,0,0.03,302642704.5,2760.21,3296.24,199.99,34.96,17520030,31404636,6738165,95111396,55.76,9.95,14.89,18.37,13.52,20.86,9.47,-117.73,0.02,0,0.02,0.51,0.53,0.31,13.28,0.04,0,193.28,32.07,-93.47671592,-93.48,53098.905,75528.164,55898.137
3/1/2024,N1,台北市,台北市-中正區,100,中正信義二,L2600,7,100010,10044LN1,100010,10044LN1,182,49198,99.41,97.5,26695,99.98,9.57,9.56,30006,99.98,0.04,62,4526,99.4,99.89,8685,99.79,99.65,23223.52,346.77,23.31,2.58,69491.35,3512.55,0,,,0,296932970.6,3589.01,4193.78,326.92,45.21,38755238,30476682,16955553,364028647,86.55,9.48,14.2,18.51,12.56,20.85,6.13,-117.97,,,,,0,0,16.41,0.04,0,310.65,43.99,-100.0139377,-100.01,15165.874,51583.205,104360.403
3/1/2024,N1,台北市,台北市-中正區,100,中正信義二,L2600,7,100010,10044LN1,100010,10044LN1,183,217145,99.93,98,113766,99.93,36.52,36.52,109615,99.89,0.05,1853,10349,99,99.91,15131,99.59,99.62,17128.11,658.03,35.04,5.1,105633.08,7165.78,18,100,0,0.37,791260050.5,8986.36,11853.88,723.27,125.77,68669175,79837697,14056275,1187516689,163.75,9.9,14.18,16.87,14.47,16.46,5.36,-116.85,0.05,0.65,0.05,0.8,3.35,1.69,19.81,0.71,0,221.82,40.96,-96.06881464,-96.07,29603.656,33599.097,37349.967
3/1/2024,N1,台北市,台北市-中正區,100,中正信義二,L900,8,100010,10044LN1,100010,10044LN1,221,18007,98.11,86.42,7945,98.05,4.77,4.75,7682,99.83,0.12,3441,167,95.21,99.65,2007,99.25,99.71,15530.51,217.97,23.03,3.03,36063.62,1748.81,2,100,0,0.03,34688331.72,1088.83,1351.84,204.68,15.57,5899862,3589042,21478713,31667067,31,9.53,6.98,8.62,13.61,11.23,2.05,-109.18,0.03,1.14,0.03,0.39,1.51,0.48,28.45,0.05,0,135.83,16.3,-98.51931845,-98.52,24834.303,32916.953,48594.754
3/1/2024,N1,台北市,台北市-中正區,100,中正信義二,L900,8,100010,10044LN1,100010,10044LN1,222,21389,98.13,79.9,6087,99.39,4.47,4.44,5844,99.4,0.36,194,235,94.04,99.73,4317,99.56,99.32,4981.89,269.03,15.4,2.45,12373.76,800.03,0,,0,0.01,132073831.7,2239.59,2591.38,83.03,26.74,5428370,13552584,1716626,46394145,20.74,8.5,9.98,8.23,12.99,8.05,1.91,-111.11,0.27,0,0.21,1.51,0.77,0.22,25.93,0.03,0,117.22,15.73,-103.3910358,-103.39,18123.409,27863.335,36674.209
,,,,,,,,,,,,,,,,,,,,,,,,,,,,,,,,,,,,,,,,,,,,,,,,,,,,,,,,,,,,,,,,,,,,,,,,
,,,,,,,,,,,,,,,,,,,,,,,,,,,,,,,,,,,,,,,,,,,,,,,,,,,,,,,,,,,,,,,,,,,,,,,,
,,,,,,,,,,,,,,,,,,,,,,,,,,,,,,,,,,,,,,,,,,,,,,,,,,,,,,,,,,,,,,,,,,,,,,,,
,,,,,,,,,,,,,,,,,,,,,,,,,,,,,,,,,,,,,,,,,,,,,,,,,,,,,,,,,,,,,,,,,,,,,,,,
,,,,,,,,,,,,,,,,,,,,,,,,,,,,,,,,,,,,,,,,,,,,,,,,,,,,,,,,,,,,,,,,,,,,,,,,
,,,,,,,,,,,,,,,,,,,,,,,,,,,,,,,,,,,,,,,,,,,,,,,,,,,,,,,,,,,,,,,,,,,,,,,,
,,,,,,,,,,,,,,,,,,,,,,,,,,,,,,,,,,,,,,,,,,,,,,,,,,,,,,,,,,,,,,,,,,,,,,,,
,,,,,,,,,,,,,,,,,,,,,,,,,,,,,,,,,,,,,,,,,,,,,,,,,,,,,,,,,,,,,,,,,,,,,,,,
,,,,,,,,,,,,,,,,,,,,,,,,,,,,,,,,,,,,,,,,,,,,,,,,,,,,,,,,,,,,,,,,,,,,,,,,
,,,,,,,,,,,,,,,,,,,,,,,,,,,,,,,,,,,,,,,,,,,,,,,,,,,,,,,,,,,,,,,,,,,,,,,,
,,,,,,,,,,,,,,,,,,,,,,,,,,,,,,,,,,,,,,,,,,,,,,,,,,,,,,,,,,,,,,,,,,,,,,,,
,,,,,,,,,,,,,,,,,,,,,,,,,,,,,,,,,,,,,,,,,,,,,,,,,,,,,,,,,,,,,,,,,,,,,,,,
,,,,,,,,,,,,,,,,,,,,,,,,,,,,,,,,,,,,,,,,,,,,,,,,,,,,,,,,,,,,,,,,,,,,,,,,
,,,,,,,,,,,,,,,,,,,,,,,,,,,,,,,,,,,,,,,,,,,,,,,,,,,,,,,,,,,,,,,,,,,,,,,,
,,,,,,,,,,,,,,,,,,,,,,,,,,,,,,,,,,,,,,,,,,,,,,,,,,,,,,,,,,,,,,,,,,,,,,,,
,,,,,,,,,,,,,,,,,,,,,,,,,,,,,,,,,,,,,,,,,,,,,,,,,,,,,,,,,,,,,,,,,,,,,,,,
,,,,,,,,,,,,,,,,,,,,,,,,,,,,,,,,,,,,,,,,,,,,,,,,,,,,,,,,,,,,,,,,,,,,,,,,
,,,,,,,,,,,,,,,,,,,,,,,,,,,,,,,,,,,,,,,,,,,,,,,,,,,,,,,,,,,,,,,,,,,,,,,,
,,,,,,,,,,,,,,,,,,,,,,,,,,,,,,,,,,,,,,,,,,,,,,,,,,,,,,,,,,,,,,,,,,,,,,,,
,,,,,,,,,,,,,,,,,,,,,,,,,,,,,,,,,,,,,,,,,,,,,,,,,,,,,,,,,,,,,,,,,,,,,,,,
,,,,,,,,,,,,,,,,,,,,,,,,,,,,,,,,,,,,,,,,,,,,,,,,,,,,,,,,,,,,,,,,,,,,,,,,
,,,,,,,,,,,,,,,,,,,,,,,,,,,,,,,,,,,,,,,,,,,,,,,,,,,,,,,,,,,,,,,,,,,,,,,,
,,,,,,,,,,,,,,,,,,,,,,,,,,,,,,,,,,,,,,,,,,,,,,,,,,,,,,,,,,,,,,,,,,,,,,,,
,,,,,,,,,,,,,,,,,,,,,,,,,,,,,,,,,,,,,,,,,,,,,,,,,,,,,,,,,,,,,,,,,,,,,,,,
,,,,,,,,,,,,,,,,,,,,,,,,,,,,,,,,,,,,,,,,,,,,,,,,,,,,,,,,,,,,,,,,,,,,,,,,
,,,,,,,,,,,,,,,,,,,,,,,,,,,,,,,,,,,,,,,,,,,,,,,,,,,,,,,,,,,,,,,,,,,,,,,,
,,,,,,,,,,,,,,,,,,,,,,,,,,,,,,,,,,,,,,,,,,,,,,,,,,,,,,,,,,,,,,,,,,,,,,,,
,,,,,,,,,,,,,,,,,,,,,,,,,,,,,,,,,,,,,,,,,,,,,,,,,,,,,,,,,,,,,,,,,,,,,,,,
,,,,,,,,,,,,,,,,,,,,,,,,,,,,,,,,,,,,,,,,,,,,,,,,,,,,,,,,,,,,,,,,,,,,,,,,
,,,,,,,,,,,,,,,,,,,,,,,,,,,,,,,,,,,,,,,,,,,,,,,,,,,,,,,,,,,,,,,,,,,,,,,,
,,,,,,,,,,,,,,,,,,,,,,,,,,,,,,,,,,,,,,,,,,,,,,,,,,,,,,,,,,,,,,,,,,,,,,,,
,,,,,,,,,,,,,,,,,,,,,,,,,,,,,,,,,,,,,,,,,,,,,,,,,,,,,,,,,,,,,,,,,,,,,,,,
,,,,,,,,,,,,,,,,,,,,,,,,,,,,,,,,,,,,,,,,,,,,,,,,,,,,,,,,,,,,,,,,,,,,,,,,
,,,,,,,,,,,,,,,,,,,,,,,,,,,,,,,,,,,,,,,,,,,,,,,,,,,,,,,,,,,,,,,,,,,,,,,,
,,,,,,,,,,,,,,,,,,,,,,,,,,,,,,,,,,,,,,,,,,,,,,,,,,,,,,,,,,,,,,,,,,,,,,,,
,,,,,,,,,,,,,,,,,,,,,,,,,,,,,,,,,,,,,,,,,,,,,,,,,,,,,,,,,,,,,,,,,,,,,,,,
,,,,,,,,,,,,,,,,,,,,,,,,,,,,,,,,,,,,,,,,,,,,,,,,,,,,,,,,,,,,,,,,,,,,,,,,
,,,,,,,,,,,,,,,,,,,,,,,,,,,,,,,,,,,,,,,,,,,,,,,,,,,,,,,,,,,,,,,,,,,,,,,,
,,,,,,,,,,,,,,,,,,,,,,,,,,,,,,,,,,,,,,,,,,,,,,,,,,,,,,,,,,,,,,,,,,,,,,,,
,,,,,,,,,,,,,,,,,,,,,,,,,,,,,,,,,,,,,,,,,,,,,,,,,,,,,,,,,,,,,,,,,,,,,,,,
,,,,,,,,,,,,,,,,,,,,,,,,,,,,,,,,,,,,,,,,,,,,,,,,,,,,,,,,,,,,,,,,,,,,,,,,
,,,,,,,,,,,,,,,,,,,,,,,,,,,,,,,,,,,,,,,,,,,,,,,,,,,,,,,,,,,,,,,,,,,,,,,,
,,,,,,,,,,,,,,,,,,,,,,,,,,,,,,,,,,,,,,,,,,,,,,,,,,,,,,,,,,,,,,,,,,,,,,,,
,,,,,,,,,,,,,,,,,,,,,,,,,,,,,,,,,,,,,,,,,,,,,,,,,,,,,,,,,,,,,,,,,,,,,,,,
,,,,,,,,,,,,,,,,,,,,,,,,,,,,,,,,,,,,,,,,,,,,,,,,,,,,,,,,,,,,,,,,,,,,,,,,
,,,,,,,,,,,,,,,,,,,,,,,,,,,,,,,,,,,,,,,,,,,,,,,,,,,,,,,,,,,,,,,,,,,,,,,,
,,,,,,,,,,,,,,,,,,,,,,,,,,,,,,,,,,,,,,,,,,,,,,,,,,,,,,,,,,,,,,,,,,,,,,,,
,,,,,,,,,,,,,,,,,,,,,,,,,,,,,,,,,,,,,,,,,,,,,,,,,,,,,,,,,,,,,,,,,,,,,,,,
,,,,,,,,,,,,,,,,,,,,,,,,,,,,,,,,,,,,,,,,,,,,,,,,,,,,,,,,,,,,,,,,,,,,,,,,
,,,,,,,,,,,,,,,,,,,,,,,,,,,,,,,,,,,,,,,,,,,,,,,,,,,,,,,,,,,,,,,,,,,,,,,,
,,,,,,,,,,,,,,,,,,,,,,,,,,,,,,,,,,,,,,,,,,,,,,,,,,,,,,,,,,,,,,,,,,,,,,,,
,,,,,,,,,,,,,,,,,,,,,,,,,,,,,,,,,,,,,,,,,,,,,,,,,,,,,,,,,,,,,,,,,,,,,,,,
,,,,,,,,,,,,,,,,,,,,,,,,,,,,,,,,,,,,,,,,,,,,,,,,,,,,,,,,,,,,,,,,,,,,,,,,
,,,,,,,,,,,,,,,,,,,,,,,,,,,,,,,,,,,,,,,,,,,,,,,,,,,,,,,,,,,,,,,,,,,,,,,,
,,,,,,,,,,,,,,,,,,,,,,,,,,,,,,,,,,,,,,,,,,,,,,,,,,,,,,,,,,,,,,,,,,,,,,,,
,,,,,,,,,,,,,,,,,,,,,,,,,,,,,,,,,,,,,,,,,,,,,,,,,,,,,,,,,,,,,,,,,,,,,,,,
,,,,,,,,,,,,,,,,,,,,,,,,,,,,,,,,,,,,,,,,,,,,,,,,,,,,,,,,,,,,,,,,,,,,,,,,
,,,,,,,,,,,,,,,,,,,,,,,,,,,,,,,,,,,,,,,,,,,,,,,,,,,,,,,,,,,,,,,,,,,,,,,,
,,,,,,,,,,,,,,,,,,,,,,,,,,,,,,,,,,,,,,,,,,,,,,,,,,,,,,,,,,,,,,,,,,,,,,,,
,,,,,,,,,,,,,,,,,,,,,,,,,,,,,,,,,,,,,,,,,,,,,,,,,,,,,,,,,,,,,,,,,,,,,,,,
,,,,,,,,,,,,,,,,,,,,,,,,,,,,,,,,,,,,,,,,,,,,,,,,,,,,,,,,,,,,,,,,,,,,,,,,
,,,,,,,,,,,,,,,,,,,,,,,,,,,,,,,,,,,,,,,,,,,,,,,,,,,,,,,,,,,,,,,,,,,,,,,,
,,,,,,,,,,,,,,,,,,,,,,,,,,,,,,,,,,,,,,,,,,,,,,,,,,,,,,,,,,,,,,,,,,,,,,,,
,,,,,,,,,,,,,,,,,,,,,,,,,,,,,,,,,,,,,,,,,,,,,,,,,,,,,,,,,,,,,,,,,,,,,,,,
,,,,,,,,,,,,,,,,,,,,,,,,,,,,,,,,,,,,,,,,,,,,,,,,,,,,,,,,,,,,,,,,,,,,,,,,
,,,,,,,,,,,,,,,,,,,,,,,,,,,,,,,,,,,,,,,,,,,,,,,,,,,,,,,,,,,,,,,,,,,,,,,,
,,,,,,,,,,,,,,,,,,,,,,,,,,,,,,,,,,,,,,,,,,,,,,,,,,,,,,,,,,,,,,,,,,,,,,,,
,,,,,,,,,,,,,,,,,,,,,,,,,,,,,,,,,,,,,,,,,,,,,,,,,,,,,,,,,,,,,,,,,,,,,,,,
,,,,,,,,,,,,,,,,,,,,,,,,,,,,,,,,,,,,,,,,,,,,,,,,,,,,,,,,,,,,,,,,,,,,,,,,
,,,,,,,,,,,,,,,,,,,,,,,,,,,,,,,,,,,,,,,,,,,,,,,,,,,,,,,,,,,,,,,,,,,,,,,,
,,,,,,,,,,,,,,,,,,,,,,,,,,,,,,,,,,,,,,,,,,,,,,,,,,,,,,,,,,,,,,,,,,,,,,,,
,,,,,,,,,,,,,,,,,,,,,,,,,,,,,,,,,,,,,,,,,,,,,,,,,,,,,,,,,,,,,,,,,,,,,,,,
,,,,,,,,,,,,,,,,,,,,,,,,,,,,,,,,,,,,,,,,,,,,,,,,,,,,,,,,,,,,,,,,,,,,,,,,
,,,,,,,,,,,,,,,,,,,,,,,,,,,,,,,,,,,,,,,,,,,,,,,,,,,,,,,,,,,,,,,,,,,,,,,,
,,,,,,,,,,,,,,,,,,,,,,,,,,,,,,,,,,,,,,,,,,,,,,,,,,,,,,,,,,,,,,,,,,,,,,,,
,,,,,,,,,,,,,,,,,,,,,,,,,,,,,,,,,,,,,,,,,,,,,,,,,,,,,,,,,,,,,,,,,,,,,,,,
,,,,,,,,,,,,,,,,,,,,,,,,,,,,,,,,,,,,,,,,,,,,,,,,,,,,,,,,,,,,,,,,,,,,,,,,
,,,,,,,,,,,,,,,,,,,,,,,,,,,,,,,,,,,,,,,,,,,,,,,,,,,,,,,,,,,,,,,,,,,,,,,,
,,,,,,,,,,,,,,,,,,,,,,,,,,,,,,,,,,,,,,,,,,,,,,,,,,,,,,,,,,,,,,,,,,,,,,,,
,,,,,,,,,,,,,,,,,,,,,,,,,,,,,,,,,,,,,,,,,,,,,,,,,,,,,,,,,,,,,,,,,,,,,,,,
,,,,,,,,,,,,,,,,,,,,,,,,,,,,,,,,,,,,,,,,,,,,,,,,,,,,,,,,,,,,,,,,,,,,,,,,
,,,,,,,,,,,,,,,,,,,,,,,,,,,,,,,,,,,,,,,,,,,,,,,,,,,,,,,,,,,,,,,,,,,,,,,,
,,,,,,,,,,,,,,,,,,,,,,,,,,,,,,,,,,,,,,,,,,,,,,,,,,,,,,,,,,,,,,,,,,,,,,,,
,,,,,,,,,,,,,,,,,,,,,,,,,,,,,,,,,,,,,,,,,,,,,,,,,,,,,,,,,,,,,,,,,,,,,,,,
,,,,,,,,,,,,,,,,,,,,,,,,,,,,,,,,,,,,,,,,,,,,,,,,,,,,,,,,,,,,,,,,,,,,,,,,
,,,,,,,,,,,,,,,,,,,,,,,,,,,,,,,,,,,,,,,,,,,,,,,,,,,,,,,,,,,,,,,,,,,,,,,,
,,,,,,,,,,,,,,,,,,,,,,,,,,,,,,,,,,,,,,,,,,,,,,,,,,,,,,,,,,,,,,,,,,,,,,,,
,,,,,,,,,,,,,,,,,,,,,,,,,,,,,,,,,,,,,,,,,,,,,,,,,,,,,,,,,,,,,,,,,,,,,,,,
,,,,,,,,,,,,,,,,,,,,,,,,,,,,,,,,,,,,,,,,,,,,,,,,,,,,,,,,,,,,,,,,,,,,,,,,
,,,,,,,,,,,,,,,,,,,,,,,,,,,,,,,,,,,,,,,,,,,,,,,,,,,,,,,,,,,,,,,,,,,,,,,,
,,,,,,,,,,,,,,,,,,,,,,,,,,,,,,,,,,,,,,,,,,,,,,,,,,,,,,,,,,,,,,,,,,,,,,,,
,,,,,,,,,,,,,,,,,,,,,,,,,,,,,,,,,,,,,,,,,,,,,,,,,,,,,,,,,,,,,,,,,,,,,,,,
,,,,,,,,,,,,,,,,,,,,,,,,,,,,,,,,,,,,,,,,,,,,,,,,,,,,,,,,,,,,,,,,,,,,,,,,
,,,,,,,,,,,,,,,,,,,,,,,,,,,,,,,,,,,,,,,,,,,,,,,,,,,,,,,,,,,,,,,,,,,,,,,,
,,,,,,,,,,,,,,,,,,,,,,,,,,,,,,,,,,,,,,,,,,,,,,,,,,,,,,,,,,,,,,,,,,,,,,,,
,,,,,,,,,,,,,,,,,,,,,,,,,,,,,,,,,,,,,,,,,,,,,,,,,,,,,,,,,,,,,,,,,,,,,,,,
,,,,,,,,,,,,,,,,,,,,,,,,,,,,,,,,,,,,,,,,,,,,,,,,,,,,,,,,,,,,,,,,,,,,,,,,
,,,,,,,,,,,,,,,,,,,,,,,,,,,,,,,,,,,,,,,,,,,,,,,,,,,,,,,,,,,,,,,,,,,,,,,,
,,,,,,,,,,,,,,,,,,,,,,,,,,,,,,,,,,,,,,,,,,,,,,,,,,,,,,,,,,,,,,,,,,,,,,,,
,,,,,,,,,,,,,,,,,,,,,,,,,,,,,,,,,,,,,,,,,,,,,,,,,,,,,,,,,,,,,,,,,,,,,,,,
,,,,,,,,,,,,,,,,,,,,,,,,,,,,,,,,,,,,,,,,,,,,,,,,,,,,,,,,,,,,,,,,,,,,,,,,
,,,,,,,,,,,,,,,,,,,,,,,,,,,,,,,,,,,,,,,,,,,,,,,,,,,,,,,,,,,,,,,,,,,,,,,,
,,,,,,,,,,,,,,,,,,,,,,,,,,,,,,,,,,,,,,,,,,,,,,,,,,,,,,,,,,,,,,,,,,,,,,,,
,,,,,,,,,,,,,,,,,,,,,,,,,,,,,,,,,,,,,,,,,,,,,,,,,,,,,,,,,,,,,,,,,,,,,,,,
,,,,,,,,,,,,,,,,,,,,,,,,,,,,,,,,,,,,,,,,,,,,,,,,,,,,,,,,,,,,,,,,,,,,,,,,
,,,,,,,,,,,,,,,,,,,,,,,,,,,,,,,,,,,,,,,,,,,,,,,,,,,,,,,,,,,,,,,,,,,,,,,,
,,,,,,,,,,,,,,,,,,,,,,,,,,,,,,,,,,,,,,,,,,,,,,,,,,,,,,,,,,,,,,,,,,,,,,,,
,,,,,,,,,,,,,,,,,,,,,,,,,,,,,,,,,,,,,,,,,,,,,,,,,,,,,,,,,,,,,,,,,,,,,,,,
,,,,,,,,,,,,,,,,,,,,,,,,,,,,,,,,,,,,,,,,,,,,,,,,,,,,,,,,,,,,,,,,,,,,,,,,
,,,,,,,,,,,,,,,,,,,,,,,,,,,,,,,,,,,,,,,,,,,,,,,,,,,,,,,,,,,,,,,,,,,,,,,,
,,,,,,,,,,,,,,,,,,,,,,,,,,,,,,,,,,,,,,,,,,,,,,,,,,,,,,,,,,,,,,,,,,,,,,,,
,,,,,,,,,,,,,,,,,,,,,,,,,,,,,,,,,,,,,,,,,,,,,,,,,,,,,,,,,,,,,,,,,,,,,,,,
,,,,,,,,,,,,,,,,,,,,,,,,,,,,,,,,,,,,,,,,,,,,,,,,,,,,,,,,,,,,,,,,,,,,,,,,
,,,,,,,,,,,,,,,,,,,,,,,,,,,,,,,,,,,,,,,,,,,,,,,,,,,,,,,,,,,,,,,,,,,,,,,,
,,,,,,,,,,,,,,,,,,,,,,,,,,,,,,,,,,,,,,,,,,,,,,,,,,,,,,,,,,,,,,,,,,,,,,,,
,,,,,,,,,,,,,,,,,,,,,,,,,,,,,,,,,,,,,,,,,,,,,,,,,,,,,,,,,,,,,,,,,,,,,,,,
,,,,,,,,,,,,,,,,,,,,,,,,,,,,,,,,,,,,,,,,,,,,,,,,,,,,,,,,,,,,,,,,,,,,,,,,
,,,,,,,,,,,,,,,,,,,,,,,,,,,,,,,,,,,,,,,,,,,,,,,,,,,,,,,,,,,,,,,,,,,,,,,,
,,,,,,,,,,,,,,,,,,,,,,,,,,,,,,,,,,,,,,,,,,,,,,,,,,,,,,,,,,,,,,,,,,,,,,,,
,,,,,,,,,,,,,,,,,,,,,,,,,,,,,,,,,,,,,,,,,,,,,,,,,,,,,,,,,,,,,,,,,,,,,,,,
,,,,,,,,,,,,,,,,,,,,,,,,,,,,,,,,,,,,,,,,,,,,,,,,,,,,,,,,,,,,,,,,,,,,,,,,
,,,,,,,,,,,,,,,,,,,,,,,,,,,,,,,,,,,,,,,,,,,,,,,,,,,,,,,,,,,,,,,,,,,,,,,,
,,,,,,,,,,,,,,,,,,,,,,,,,,,,,,,,,,,,,,,,,,,,,,,,,,,,,,,,,,,,,,,,,,,,,,,,
,,,,,,,,,,,,,,,,,,,,,,,,,,,,,,,,,,,,,,,,,,,,,,,,,,,,,,,,,,,,,,,,,,,,,,,,
,,,,,,,,,,,,,,,,,,,,,,,,,,,,,,,,,,,,,,,,,,,,,,,,,,,,,,,,,,,,,,,,,,,,,,,,
,,,,,,,,,,,,,,,,,,,,,,,,,,,,,,,,,,,,,,,,,,,,,,,,,,,,,,,,,,,,,,,,,,,,,,,,
,,,,,,,,,,,,,,,,,,,,,,,,,,,,,,,,,,,,,,,,,,,,,,,,,,,,,,,,,,,,,,,,,,,,,,,,
,,,,,,,,,,,,,,,,,,,,,,,,,,,,,,,,,,,,,,,,,,,,,,,,,,,,,,,,,,,,,,,,,,,,,,,,
,,,,,,,,,,,,,,,,,,,,,,,,,,,,,,,,,,,,,,,,,,,,,,,,,,,,,,,,,,,,,,,,,,,,,,,,
,,,,,,,,,,,,,,,,,,,,,,,,,,,,,,,,,,,,,,,,,,,,,,,,,,,,,,,,,,,,,,,,,,,,,,,,
,,,,,,,,,,,,,,,,,,,,,,,,,,,,,,,,,,,,,,,,,,,,,,,,,,,,,,,,,,,,,,,,,,,,,,,,
,,,,,,,,,,,,,,,,,,,,,,,,,,,,,,,,,,,,,,,,,,,,,,,,,,,,,,,,,,,,,,,,,,,,,,,,
,,,,,,,,,,,,,,,,,,,,,,,,,,,,,,,,,,,,,,,,,,,,,,,,,,,,,,,,,,,,,,,,,,,,,,,,
,,,,,,,,,,,,,,,,,,,,,,,,,,,,,,,,,,,,,,,,,,,,,,,,,,,,,,,,,,,,,,,,,,,,,,,,
,,,,,,,,,,,,,,,,,,,,,,,,,,,,,,,,,,,,,,,,,,,,,,,,,,,,,,,,,,,,,,,,,,,,,,,,
,,,,,,,,,,,,,,,,,,,,,,,,,,,,,,,,,,,,,,,,,,,,,,,,,,,,,,,,,,,,,,,,,,,,,,,,
,,,,,,,,,,,,,,,,,,,,,,,,,,,,,,,,,,,,,,,,,,,,,,,,,,,,,,,,,,,,,,,,,,,,,,,,
,,,,,,,,,,,,,,,,,,,,,,,,,,,,,,,,,,,,,,,,,,,,,,,,,,,,,,,,,,,,,,,,,,,,,,,,
,,,,,,,,,,,,,,,,,,,,,,,,,,,,,,,,,,,,,,,,,,,,,,,,,,,,,,,,,,,,,,,,,,,,,,,,
,,,,,,,,,,,,,,,,,,,,,,,,,,,,,,,,,,,,,,,,,,,,,,,,,,,,,,,,,,,,,,,,,,,,,,,,
,,,,,,,,,,,,,,,,,,,,,,,,,,,,,,,,,,,,,,,,,,,,,,,,,,,,,,,,,,,,,,,,,,,,,,,,
,,,,,,,,,,,,,,,,,,,,,,,,,,,,,,,,,,,,,,,,,,,,,,,,,,,,,,,,,,,,,,,,,,,,,,,,
,,,,,,,,,,,,,,,,,,,,,,,,,,,,,,,,,,,,,,,,,,,,,,,,,,,,,,,,,,,,,,,,,,,,,,,,
,,,,,,,,,,,,,,,,,,,,,,,,,,,,,,,,,,,,,,,,,,,,,,,,,,,,,,,,,,,,,,,,,,,,,,,,
,,,,,,,,,,,,,,,,,,,,,,,,,,,,,,,,,,,,,,,,,,,,,,,,,,,,,,,,,,,,,,,,,,,,,,,,
,,,,,,,,,,,,,,,,,,,,,,,,,,,,,,,,,,,,,,,,,,,,,,,,,,,,,,,,,,,,,,,,,,,,,,,,
,,,,,,,,,,,,,,,,,,,,,,,,,,,,,,,,,,,,,,,,,,,,,,,,,,,,,,,,,,,,,,,,,,,,,,,,
,,,,,,,,,,,,,,,,,,,,,,,,,,,,,,,,,,,,,,,,,,,,,,,,,,,,,,,,,,,,,,,,,,,,,,,,
,,,,,,,,,,,,,,,,,,,,,,,,,,,,,,,,,,,,,,,,,,,,,,,,,,,,,,,,,,,,,,,,,,,,,,,,
,,,,,,,,,,,,,,,,,,,,,,,,,,,,,,,,,,,,,,,,,,,,,,,,,,,,,,,,,,,,,,,,,,,,,,,,
,,,,,,,,,,,,,,,,,,,,,,,,,,,,,,,,,,,,,,,,,,,,,,,,,,,,,,,,,,,,,,,,,,,,,,,,
,,,,,,,,,,,,,,,,,,,,,,,,,,,,,,,,,,,,,,,,,,,,,,,,,,,,,,,,,,,,,,,,,,,,,,,,
,,,,,,,,,,,,,,,,,,,,,,,,,,,,,,,,,,,,,,,,,,,,,,,,,,,,,,,,,,,,,,,,,,,,,,,,
,,,,,,,,,,,,,,,,,,,,,,,,,,,,,,,,,,,,,,,,,,,,,,,,,,,,,,,,,,,,,,,,,,,,,,,,
,,,,,,,,,,,,,,,,,,,,,,,,,,,,,,,,,,,,,,,,,,,,,,,,,,,,,,,,,,,,,,,,,,,,,,,,
,,,,,,,,,,,,,,,,,,,,,,,,,,,,,,,,,,,,,,,,,,,,,,,,,,,,,,,,,,,,,,,,,,,,,,,,
,,,,,,,,,,,,,,,,,,,,,,,,,,,,,,,,,,,,,,,,,,,,,,,,,,,,,,,,,,,,,,,,,,,,,,,,
,,,,,,,,,,,,,,,,,,,,,,,,,,,,,,,,,,,,,,,,,,,,,,,,,,,,,,,,,,,,,,,,,,,,,,,,
,,,,,,,,,,,,,,,,,,,,,,,,,,,,,,,,,,,,,,,,,,,,,,,,,,,,,,,,,,,,,,,,,,,,,,,,
,,,,,,,,,,,,,,,,,,,,,,,,,,,,,,,,,,,,,,,,,,,,,,,,,,,,,,,,,,,,,,,,,,,,,,,,
,,,,,,,,,,,,,,,,,,,,,,,,,,,,,,,,,,,,,,,,,,,,,,,,,,,,,,,,,,,,,,,,,,,,,,,,
,,,,,,,,,,,,,,,,,,,,,,,,,,,,,,,,,,,,,,,,,,,,,,,,,,,,,,,,,,,,,,,,,,,,,,,,
,,,,,,,,,,,,,,,,,,,,,,,,,,,,,,,,,,,,,,,,,,,,,,,,,,,,,,,,,,,,,,,,,,,,,,,,
,,,,,,,,,,,,,,,,,,,,,,,,,,,,,,,,,,,,,,,,,,,,,,,,,,,,,,,,,,,,,,,,,,,,,,,,
,,,,,,,,,,,,,,,,,,,,,,,,,,,,,,,,,,,,,,,,,,,,,,,,,,,,,,,,,,,,,,,,,,,,,,,,
,,,,,,,,,,,,,,,,,,,,,,,,,,,,,,,,,,,,,,,,,,,,,,,,,,,,,,,,,,,,,,,,,,,,,,,,
,,,,,,,,,,,,,,,,,,,,,,,,,,,,,,,,,,,,,,,,,,,,,,,,,,,,,,,,,,,,,,,,,,,,,,,,
,,,,,,,,,,,,,,,,,,,,,,,,,,,,,,,,,,,,,,,,,,,,,,,,,,,,,,,,,,,,,,,,,,,,,,,,
,,,,,,,,,,,,,,,,,,,,,,,,,,,,,,,,,,,,,,,,,,,,,,,,,,,,,,,,,,,,,,,,,,,,,,,,
,,,,,,,,,,,,,,,,,,,,,,,,,,,,,,,,,,,,,,,,,,,,,,,,,,,,,,,,,,,,,,,,,,,,,,,,
,,,,,,,,,,,,,,,,,,,,,,,,,,,,,,,,,,,,,,,,,,,,,,,,,,,,,,,,,,,,,,,,,,,,,,,,
,,,,,,,,,,,,,,,,,,,,,,,,,,,,,,,,,,,,,,,,,,,,,,,,,,,,,,,,,,,,,,,,,,,,,,,,
,,,,,,,,,,,,,,,,,,,,,,,,,,,,,,,,,,,,,,,,,,,,,,,,,,,,,,,,,,,,,,,,,,,,,,,,
,,,,,,,,,,,,,,,,,,,,,,,,,,,,,,,,,,,,,,,,,,,,,,,,,,,,,,,,,,,,,,,,,,,,,,,,
,,,,,,,,,,,,,,,,,,,,,,,,,,,,,,,,,,,,,,,,,,,,,,,,,,,,,,,,,,,,,,,,,,,,,,,,
,,,,,,,,,,,,,,,,,,,,,,,,,,,,,,,,,,,,,,,,,,,,,,,,,,,,,,,,,,,,,,,,,,,,,,,,
,,,,,,,,,,,,,,,,,,,,,,,,,,,,,,,,,,,,,,,,,,,,,,,,,,,,,,,,,,,,,,,,,,,,,,,,
,,,,,,,,,,,,,,,,,,,,,,,,,,,,,,,,,,,,,,,,,,,,,,,,,,,,,,,,,,,,,,,,,,,,,,,,
,,,,,,,,,,,,,,,,,,,,,,,,,,,,,,,,,,,,,,,,,,,,,,,,,,,,,,,,,,,,,,,,,,,,,,,,
,,,,,,,,,,,,,,,,,,,,,,,,,,,,,,,,,,,,,,,,,,,,,,,,,,,,,,,,,,,,,,,,,,,,,,,,
,,,,,,,,,,,,,,,,,,,,,,,,,,,,,,,,,,,,,,,,,,,,,,,,,,,,,,,,,,,,,,,,,,,,,,,,
,,,,,,,,,,,,,,,,,,,,,,,,,,,,,,,,,,,,,,,,,,,,,,,,,,,,,,,,,,,,,,,,,,,,,,,,
,,,,,,,,,,,,,,,,,,,,,,,,,,,,,,,,,,,,,,,,,,,,,,,,,,,,,,,,,,,,,,,,,,,,,,,,
,,,,,,,,,,,,,,,,,,,,,,,,,,,,,,,,,,,,,,,,,,,,,,,,,,,,,,,,,,,,,,,,,,,,,,,,
,,,,,,,,,,,,,,,,,,,,,,,,,,,,,,,,,,,,,,,,,,,,,,,,,,,,,,,,,,,,,,,,,,,,,,,,
,,,,,,,,,,,,,,,,,,,,,,,,,,,,,,,,,,,,,,,,,,,,,,,,,,,,,,,,,,,,,,,,,,,,,,,,
,,,,,,,,,,,,,,,,,,,,,,,,,,,,,,,,,,,,,,,,,,,,,,,,,,,,,,,,,,,,,,,,,,,,,,,,
,,,,,,,,,,,,,,,,,,,,,,,,,,,,,,,,,,,,,,,,,,,,,,,,,,,,,,,,,,,,,,,,,,,,,,,,
,,,,,,,,,,,,,,,,,,,,,,,,,,,,,,,,,,,,,,,,,,,,,,,,,,,,,,,,,,,,,,,,,,,,,,,,
,,,,,,,,,,,,,,,,,,,,,,,,,,,,,,,,,,,,,,,,,,,,,,,,,,,,,,,,,,,,,,,,,,,,,,,,
,,,,,,,,,,,,,,,,,,,,,,,,,,,,,,,,,,,,,,,,,,,,,,,,,,,,,,,,,,,,,,,,,,,,,,,,
,,,,,,,,,,,,,,,,,,,,,,,,,,,,,,,,,,,,,,,,,,,,,,,,,,,,,,,,,,,,,,,,,,,,,,,,
,,,,,,,,,,,,,,,,,,,,,,,,,,,,,,,,,,,,,,,,,,,,,,,,,,,,,,,,,,,,,,,,,,,,,,,,
,,,,,,,,,,,,,,,,,,,,,,,,,,,,,,,,,,,,,,,,,,,,,,,,,,,,,,,,,,,,,,,,,,,,,,,,
,,,,,,,,,,,,,,,,,,,,,,,,,,,,,,,,,,,,,,,,,,,,,,,,,,,,,,,,,,,,,,,,,,,,,,,,
,,,,,,,,,,,,,,,,,,,,,,,,,,,,,,,,,,,,,,,,,,,,,,,,,,,,,,,,,,,,,,,,,,,,,,,,
,,,,,,,,,,,,,,,,,,,,,,,,,,,,,,,,,,,,,,,,,,,,,,,,,,,,,,,,,,,,,,,,,,,,,,,,
,,,,,,,,,,,,,,,,,,,,,,,,,,,,,,,,,,,,,,,,,,,,,,,,,,,,,,,,,,,,,,,,,,,,,,,,
,,,,,,,,,,,,,,,,,,,,,,,,,,,,,,,,,,,,,,,,,,,,,,,,,,,,,,,,,,,,,,,,,,,,,,,,
,,,,,,,,,,,,,,,,,,,,,,,,,,,,,,,,,,,,,,,,,,,,,,,,,,,,,,,,,,,,,,,,,,,,,,,,
,,,,,,,,,,,,,,,,,,,,,,,,,,,,,,,,,,,,,,,,,,,,,,,,,,,,,,,,,,,,,,,,,,,,,,,,
,,,,,,,,,,,,,,,,,,,,,,,,,,,,,,,,,,,,,,,,,,,,,,,,,,,,,,,,,,,,,,,,,,,,,,,,
,,,,,,,,,,,,,,,,,,,,,,,,,,,,,,,,,,,,,,,,,,,,,,,,,,,,,,,,,,,,,,,,,,,,,,,,
,,,,,,,,,,,,,,,,,,,,,,,,,,,,,,,,,,,,,,,,,,,,,,,,,,,,,,,,,,,,,,,,,,,,,,,,
,,,,,,,,,,,,,,,,,,,,,,,,,,,,,,,,,,,,,,,,,,,,,,,,,,,,,,,,,,,,,,,,,,,,,,,,
,,,,,,,,,,,,,,,,,,,,,,,,,,,,,,,,,,,,,,,,,,,,,,,,,,,,,,,,,,,,,,,,,,,,,,,,
,,,,,,,,,,,,,,,,,,,,,,,,,,,,,,,,,,,,,,,,,,,,,,,,,,,,,,,,,,,,,,,,,,,,,,,,
,,,,,,,,,,,,,,,,,,,,,,,,,,,,,,,,,,,,,,,,,,,,,,,,,,,,,,,,,,,,,,,,,,,,,,,,
,,,,,,,,,,,,,,,,,,,,,,,,,,,,,,,,,,,,,,,,,,,,,,,,,,,,,,,,,,,,,,,,,,,,,,,,
,,,,,,,,,,,,,,,,,,,,,,,,,,,,,,,,,,,,,,,,,,,,,,,,,,,,,,,,,,,,,,,,,,,,,,,,
,,,,,,,,,,,,,,,,,,,,,,,,,,,,,,,,,,,,,,,,,,,,,,,,,,,,,,,,,,,,,,,,,,,,,,,,
,,,,,,,,,,,,,,,,,,,,,,,,,,,,,,,,,,,,,,,,,,,,,,,,,,,,,,,,,,,,,,,,,,,,,,,,
,,,,,,,,,,,,,,,,,,,,,,,,,,,,,,,,,,,,,,,,,,,,,,,,,,,,,,,,,,,,,,,,,,,,,,,,
,,,,,,,,,,,,,,,,,,,,,,,,,,,,,,,,,,,,,,,,,,,,,,,,,,,,,,,,,,,,,,,,,,,,,,,,
,,,,,,,,,,,,,,,,,,,,,,,,,,,,,,,,,,,,,,,,,,,,,,,,,,,,,,,,,,,,,,,,,,,,,,,,
,,,,,,,,,,,,,,,,,,,,,,,,,,,,,,,,,,,,,,,,,,,,,,,,,,,,,,,,,,,,,,,,,,,,,,,,
,,,,,,,,,,,,,,,,,,,,,,,,,,,,,,,,,,,,,,,,,,,,,,,,,,,,,,,,,,,,,,,,,,,,,,,,
,,,,,,,,,,,,,,,,,,,,,,,,,,,,,,,,,,,,,,,,,,,,,,,,,,,,,,,,,,,,,,,,,,,,,,,,
,,,,,,,,,,,,,,,,,,,,,,,,,,,,,,,,,,,,,,,,,,,,,,,,,,,,,,,,,,,,,,,,,,,,,,,,
,,,,,,,,,,,,,,,,,,,,,,,,,,,,,,,,,,,,,,,,,,,,,,,,,,,,,,,,,,,,,,,,,,,,,,,,
,,,,,,,,,,,,,,,,,,,,,,,,,,,,,,,,,,,,,,,,,,,,,,,,,,,,,,,,,,,,,,,,,,,,,,,,
,,,,,,,,,,,,,,,,,,,,,,,,,,,,,,,,,,,,,,,,,,,,,,,,,,,,,,,,,,,,,,,,,,,,,,,,
,,,,,,,,,,,,,,,,,,,,,,,,,,,,,,,,,,,,,,,,,,,,,,,,,,,,,,,,,,,,,,,,,,,,,,,,
,,,,,,,,,,,,,,,,,,,,,,,,,,,,,,,,,,,,,,,,,,,,,,,,,,,,,,,,,,,,,,,,,,,,,,,,
,,,,,,,,,,,,,,,,,,,,,,,,,,,,,,,,,,,,,,,,,,,,,,,,,,,,,,,,,,,,,,,,,,,,,,,,
,,,,,,,,,,,,,,,,,,,,,,,,,,,,,,,,,,,,,,,,,,,,,,,,,,,,,,,,,,,,,,,,,,,,,,,,
,,,,,,,,,,,,,,,,,,,,,,,,,,,,,,,,,,,,,,,,,,,,,,,,,,,,,,,,,,,,,,,,,,,,,,,,
,,,,,,,,,,,,,,,,,,,,,,,,,,,,,,,,,,,,,,,,,,,,,,,,,,,,,,,,,,,,,,,,,,,,,,,,
,,,,,,,,,,,,,,,,,,,,,,,,,,,,,,,,,,,,,,,,,,,,,,,,,,,,,,,,,,,,,,,,,,,,,,,,
,,,,,,,,,,,,,,,,,,,,,,,,,,,,,,,,,,,,,,,,,,,,,,,,,,,,,,,,,,,,,,,,,,,,,,,,
,,,,,,,,,,,,,,,,,,,,,,,,,,,,,,,,,,,,,,,,,,,,,,,,,,,,,,,,,,,,,,,,,,,,,,,,
,,,,,,,,,,,,,,,,,,,,,,,,,,,,,,,,,,,,,,,,,,,,,,,,,,,,,,,,,,,,,,,,,,,,,,,,
,,,,,,,,,,,,,,,,,,,,,,,,,,,,,,,,,,,,,,,,,,,,,,,,,,,,,,,,,,,,,,,,,,,,,,,,
,,,,,,,,,,,,,,,,,,,,,,,,,,,,,,,,,,,,,,,,,,,,,,,,,,,,,,,,,,,,,,,,,,,,,,,,
,,,,,,,,,,,,,,,,,,,,,,,,,,,,,,,,,,,,,,,,,,,,,,,,,,,,,,,,,,,,,,,,,,,,,,,,
,,,,,,,,,,,,,,,,,,,,,,,,,,,,,,,,,,,,,,,,,,,,,,,,,,,,,,,,,,,,,,,,,,,,,,,,
,,,,,,,,,,,,,,,,,,,,,,,,,,,,,,,,,,,,,,,,,,,,,,,,,,,,,,,,,,,,,,,,,,,,,,,,
,,,,,,,,,,,,,,,,,,,,,,,,,,,,,,,,,,,,,,,,,,,,,,,,,,,,,,,,,,,,,,,,,,,,,,,,
,,,,,,,,,,,,,,,,,,,,,,,,,,,,,,,,,,,,,,,,,,,,,,,,,,,,,,,,,,,,,,,,,,,,,,,,
,,,,,,,,,,,,,,,,,,,,,,,,,,,,,,,,,,,,,,,,,,,,,,,,,,,,,,,,,,,,,,,,,,,,,,,,
,,,,,,,,,,,,,,,,,,,,,,,,,,,,,,,,,,,,,,,,,,,,,,,,,,,,,,,,,,,,,,,,,,,,,,,,
,,,,,,,,,,,,,,,,,,,,,,,,,,,,,,,,,,,,,,,,,,,,,,,,,,,,,,,,,,,,,,,,,,,,,,,,
,,,,,,,,,,,,,,,,,,,,,,,,,,,,,,,,,,,,,,,,,,,,,,,,,,,,,,,,,,,,,,,,,,,,,,,,
,,,,,,,,,,,,,,,,,,,,,,,,,,,,,,,,,,,,,,,,,,,,,,,,,,,,,,,,,,,,,,,,,,,,,,,,
,,,,,,,,,,,,,,,,,,,,,,,,,,,,,,,,,,,,,,,,,,,,,,,,,,,,,,,,,,,,,,,,,,,,,,,,
,,,,,,,,,,,,,,,,,,,,,,,,,,,,,,,,,,,,,,,,,,,,,,,,,,,,,,,,,,,,,,,,,,,,,,,,
,,,,,,,,,,,,,,,,,,,,,,,,,,,,,,,,,,,,,,,,,,,,,,,,,,,,,,,,,,,,,,,,,,,,,,,,
,,,,,,,,,,,,,,,,,,,,,,,,,,,,,,,,,,,,,,,,,,,,,,,,,,,,,,,,,,,,,,,,,,,,,,,,
,,,,,,,,,,,,,,,,,,,,,,,,,,,,,,,,,,,,,,,,,,,,,,,,,,,,,,,,,,,,,,,,,,,,,,,,
,,,,,,,,,,,,,,,,,,,,,,,,,,,,,,,,,,,,,,,,,,,,,,,,,,,,,,,,,,,,,,,,,,,,,,,,
,,,,,,,,,,,,,,,,,,,,,,,,,,,,,,,,,,,,,,,,,,,,,,,,,,,,,,,,,,,,,,,,,,,,,,,,
,,,,,,,,,,,,,,,,,,,,,,,,,,,,,,,,,,,,,,,,,,,,,,,,,,,,,,,,,,,,,,,,,,,,,,,,
,,,,,,,,,,,,,,,,,,,,,,,,,,,,,,,,,,,,,,,,,,,,,,,,,,,,,,,,,,,,,,,,,,,,,,,,
,,,,,,,,,,,,,,,,,,,,,,,,,,,,,,,,,,,,,,,,,,,,,,,,,,,,,,,,,,,,,,,,,,,,,,,,
,,,,,,,,,,,,,,,,,,,,,,,,,,,,,,,,,,,,,,,,,,,,,,,,,,,,,,,,,,,,,,,,,,,,,,,,
,,,,,,,,,,,,,,,,,,,,,,,,,,,,,,,,,,,,,,,,,,,,,,,,,,,,,,,,,,,,,,,,,,,,,,,,
,,,,,,,,,,,,,,,,,,,,,,,,,,,,,,,,,,,,,,,,,,,,,,,,,,,,,,,,,,,,,,,,,,,,,,,,
,,,,,,,,,,,,,,,,,,,,,,,,,,,,,,,,,,,,,,,,,,,,,,,,,,,,,,,,,,,,,,,,,,,,,,,,
,,,,,,,,,,,,,,,,,,,,,,,,,,,,,,,,,,,,,,,,,,,,,,,,,,,,,,,,,,,,,,,,,,,,,,,,
,,,,,,,,,,,,,,,,,,,,,,,,,,,,,,,,,,,,,,,,,,,,,,,,,,,,,,,,,,,,,,,,,,,,,,,,
,,,,,,,,,,,,,,,,,,,,,,,,,,,,,,,,,,,,,,,,,,,,,,,,,,,,,,,,,,,,,,,,,,,,,,,,
,,,,,,,,,,,,,,,,,,,,,,,,,,,,,,,,,,,,,,,,,,,,,,,,,,,,,,,,,,,,,,,,,,,,,,,,
,,,,,,,,,,,,,,,,,,,,,,,,,,,,,,,,,,,,,,,,,,,,,,,,,,,,,,,,,,,,,,,,,,,,,,,,
